obsTimes,absFlux
0,4.0837875161
0.9998879944,4.1958523218
2.0002199888,4.2095352631
3.0001079832,4.290120125
3.9999959776,4.2239928674
4.999883972,4.3111165814
6.0002159664,4.2561367496
7.0001039608,4.4276159161
7.9999919553,4.4574098765
8.9998799497,4.5739050748
10.0002119441,4.5268239107
11.0000999385,4.5759831821
11.9999879329,4.7614749259
12.9998759273,4.8868852037
14.0002079217,4.8019201271
15.0000959161,4.7553328633
15.9999839105,4.8440451703
16.9998719049,5.0158052891
18.0002038993,5.0044656154
19.0000918937,4.8824821535
19.9999798881,5.0356123562
20.9998678825,5.2865897051
22.000199877,5.2795079555
23.0000878714,5.3365185787
23.9999758658,5.1740059556
24.9998638602,4.9945410003
26.0001958546,4.9848071965
27.000083849,5.107696312
27.9999718434,5.2590428346
28.9998598378,5.0377724408
30.0001918322,5.0893647837
31.0000798266,5.0174008321
31.999967821,5.0520805743
32.9998558154,5.0572413038
34.0001878098,4.6825258083
35.0000758042,4.788937963
35.9999637986,4.6283466598
36.9998517931,4.6944518051
38.0001837875,4.8010446165
39.0000717819,4.9071287359
39.9999597763,5.2092065667
40.9998477707,4.8751938778
42.0001797651,4.7908915002
43.0000677595,4.9270157547
43.9999557539,5.0837466919
44.9998437483,5.181832796
46.0001757427,5.3624150519
47.0000637371,5.375801532
47.9999517315,5.3785391639
48.9998397259,5.3514132077
50.0001717203,5.4572338522
51.0000597148,5.4729822814
51.9999477092,5.5483824317
52.9998357036,5.6063068791
54.000167698,5.4734311081
55.0000556924,5.5618702381
55.9999436868,5.5834383363
56.9998316812,5.6437288818
58.0001636756,5.6808663274
59.00005167,5.5133920603
59.9999396644,5.4941283846
60.9998276588,5.7127422174
62.0001596532,5.8860462741
63.0000476476,5.7376603751
63.999935642,5.5910693665
64.9998236365,5.5330188457
66.0001556309,5.4442662132
67.0000436253,5.5755313561
67.9999316197,5.7854910026
68.9998196141,5.9309264464
70.0001516085,5.7814960864
71.0000396029,5.7953469697
71.9999275973,6.0362982746
72.9998155917,5.9397005227
74.0001475861,5.974603001
75.0000355805,6.0097055143
75.9999235749,5.8225263392
76.9998115693,5.8033757425
78.0001435637,5.8834185401
79.0000315581,5.7529342344
79.9999195526,5.9350897291
80.999807547,5.975741029
82.0001395414,5.7399318752
83.0000275358,5.8802606289
83.9999155302,5.9414260335
84.9998035246,6.0682958194
86.000135519,6.1266104751
87.0000235134,6.2865932054
87.9999115078,6.2336525489
88.9997995022,6.302311662
90.0001314966,6.436129798
91.000019491,6.3218660088
91.9999074854,6.3386692385
92.9997954798,6.4022442505
94.0001274742,6.3152650127
95.0000154687,6.3202351749
95.9999034631,6.2453392054
96.9997914575,6.341347757
98.0001234519,6.4982978542
99.0000114463,6.2100042551
99.9998994407,6.3609227067
100.9997874351,6.1922567072
102.0001194295,6.344883437
103.0000074239,6.5230001729
103.9998954183,6.5919750175
104.9997834127,6.6522493469
106.0001154071,6.5474788312
107.0000034015,6.4323573313
107.9998913959,6.4845989903
108.9997793904,6.3294146164
110.0001113848,6.3199167224
110.9999993792,6.1692957056
111.9998873736,6.1778712517
113.000219368,6.1552993703
114.0001073624,6.2871310523
114.9999953568,6.1072979492
115.9998833512,6.4880535025
117.0002153456,6.7833250159
118.00010334,6.4934229932
118.9999913344,6.6559835988
119.9998793288,6.6916533267
121.0002113232,6.7186560054
122.0000993176,6.7039170021
122.9999873121,6.6195011177
123.9998753065,6.8119658423
125.0002073009,6.8581950353
126.0000952953,6.7270146934
126.9999832897,6.6136473388
127.9998712841,6.6614059154
129.0002032785,6.808936262
130.0000912729,6.8389487161
130.9999792673,7.0334323319
131.9998672617,7.061437849
133.0001992561,7.2801876706
134.0000872505,7.3569975935
134.9999752449,7.8246395571
135.9998632393,7.540592349
137.0001952337,7.5700633978
138.0000832282,7.7403489611
138.9999712226,7.5579927806
139.999859217,7.2954064103
141.0001912114,7.3641204353
142.0000792058,7.3474258927
142.9999672002,7.1987584716
143.9998551946,7.3107054185
145.000187189,7.2470929191
146.0000751834,7.3927108807
146.9999631778,7.3048123663
147.9998511722,7.6239333304
149.0001831666,7.6975415815
150.000071161,7.523725647
150.9999591554,7.4401457863
151.9998471499,7.6537440657
153.0001791443,7.8452545332
154.0000671387,7.8318971996
154.9999551331,7.6585079651
155.9998431275,7.9762231399
157.0001751219,8.2289886581
158.0000631163,8.1463756558
158.9999511107,7.9531396971
159.9998391051,7.858345662
161.0001710995,7.8524274286
162.0000590939,7.9725127924
162.9999470883,7.9889775509
163.9998350827,7.8263758511
165.0001670771,7.9164783663
166.0000550715,7.9393044167
166.999943066,8.1129340265
167.9998310604,7.8255298658
169.0001630548,7.9412881067
170.0000510492,7.9327150499
170.9999390436,8.0818915858
171.999827038,7.9156750267
173.0001590324,7.9876778886
174.0000470268,8.0539284783
174.9999350212,8.0854440115
175.9998230156,7.8958927696
177.00015501,7.8032220432
178.0000430044,7.8929741165
178.9999309988,7.5190191816
179.9998189932,7.6012173102
181.0001509877,7.5336327927
182.0000389821,7.6761316494
182.9999269765,7.5673948775
183.9998149709,7.5869771001
185.0001469653,7.5095644445
186.0000349597,7.5641596559
186.9999229541,7.2739901836
187.9998109485,7.5297964504
189.0001429429,7.6579481101
190.0000309373,7.6746731612
190.9999189317,7.5175879254
191.9998069261,7.5471977703
193.0001389205,7.243049228
194.0000269149,7.7393302741
194.9999149093,7.7510823506
195.9998029038,7.8586856075
197.0001348982,7.8531908128
198.0000228926,7.8643127561
198.999910887,7.9046955046
199.9997988814,7.7603353613
201.0001308758,7.6810657116
202.0000188702,7.5133032869
202.9999068646,7.5461338559
203.999794859,7.1943228499
205.0001268534,7.2923045717
206.0000148478,7.0522824345
206.9999028422,7.0957172802
207.9997908366,7.182788336
209.000122831,7.1666547303
210.0000108255,7.2990759275
210.9998988199,7.2574657267
211.9997868143,7.1352433117
213.0001188087,7.1099802508
214.0000068031,7.0264243244
214.9998947975,7.0045653998
215.9997827919,6.8774770433
217.0001147863,6.7341445552
218.0000027807,6.9786206067
218.9998907751,6.8591484339
219.9997787695,6.8820559606
221.0001107639,7.0331481274
221.9999987583,6.9889238713
222.9998867527,6.9167203786
224.0002187471,6.8106737703
225.0001067416,6.853086661
225.999994736,7.0009882336
226.9998827304,6.8317008567
228.0002147248,6.8705920921
229.0001027192,6.8001720765
229.9999907136,6.5206360319
230.999878708,6.4302804024
232.0002107024,6.4680144412
233.0000986968,6.331804042
233.9999866912,6.2706218436
234.9998746856,6.279910787
236.00020668,6.349881557
237.0000946744,6.4683192475
237.9999826688,6.5996851526
238.9998706633,6.4199274981
240.0002026577,6.3906870576
241.0000906521,6.3161335537
241.9999786465,6.3258116258
242.9998666409,6.220733886
244.0001986353,6.1739484383
245.0000866297,6.2330343973
245.9999746241,6.1024939537
246.9998626185,5.929963984
248.0001946129,5.9525361262
249.0000826073,5.9032359899
249.9999706017,5.7530375168
250.9998585961,5.5670740184
252.0001905905,5.7653288179
253.0000785849,6.0186221246
253.9999665794,6.1025077731
254.9998545738,6.1478815619
256.0001865682,6.2523043361
257.0000745626,6.3320534766
257.999962557,6.3431068569
258.9998505514,6.3842777025
260.0001825458,6.1646118671
261.0000705402,6.0979852286
261.9999585346,6.0730514022
262.999846529,5.8476710613
264.0001785234,6.1339147756
265.0000665178,6.2533156803
265.9999545122,6.1233874354
266.9998425066,6.2313722846
268.0001745011,6.2346035333
269.0000624955,6.2836524638
269.9999504899,6.252579929
270.9998384843,6.2335486305
272.0001704787,6.4170683685
273.0000584731,6.5063283407
273.9999464675,6.9393924192
274.9998344619,7.0062810554
276.0001664563,7.1200996198
277.0000544507,7.0363349056
277.9999424451,7.1028952976
278.9998304395,6.9586198494
280.0001624339,6.945994553
281.0000504283,6.8723522747
281.9999384227,6.9483606973
282.9998264172,6.8027907817
284.0001584116,6.7530349544
285.000046406,6.7468013677
285.9999344004,6.6545398685
286.9998223948,6.595533127
288.0001543892,6.8732238592
289.0000423836,6.8765294239
289.999930378,6.8236722788
290.9998183724,6.7231881
292.0001503668,6.7776193755
293.0000383612,6.784702849
293.9999263556,6.7697200854
294.99981435,6.9653804206
296.0001463444,7.1234251859
297.0000343389,7.4136481958
297.9999223333,7.3334123366
298.9998103277,7.3493895581
300.0001423221,7.3983452795
301.0000303165,7.3870511093
301.9999183109,7.6315213967
302.9998063053,7.5336953303
304.0001382997,7.3834003292
305.0000262941,7.4091837243
305.9999142885,7.712844123
306.9998022829,7.7938679543
308.0001342773,7.6851435145
309.0000222717,7.955294829
309.9999102661,8.0679861197
310.9997982606,7.9642993373
312.000130255,7.7842078386
313.0000182494,7.7534040974
313.9999062438,7.606564531
314.9997942382,7.6605718323
316.0001262326,7.7696137633
317.000014227,7.6271684727
317.9999022214,7.419790451
318.9997902158,7.2883253082
320.0001222102,7.4248745738
321.0000102046,7.3627516558
321.999898199,7.3259351587
322.9997861934,7.2988371121
324.0001181878,7.231137484
325.0000061822,7.1247217008
325.9998941767,7.3632345769
326.9997821711,7.6300217058
328.0001141655,7.510721312
329.0000021599,7.460168688
329.9998901543,7.7274968316
330.9997781487,7.6349475312
332.0001101431,7.8683804437
332.9999981375,7.876628801
333.9998861319,7.781590579
335.0002181263,7.9000305774
336.0001061207,7.8756874607
336.9999941151,7.931488908
337.9998821095,7.9954578116
339.0002141039,8.1653936942
340.0001020983,8.1933448376
340.9999900928,7.9330600776
341.9998780872,7.8686097308
343.0002100816,7.5381533299
344.000098076,7.6103329032
344.9999860704,7.6742511121
345.9998740648,7.837483452
347.0002060592,7.7008755052
348.0000940536,7.8684943869
348.999982048,7.830584395
349.9998700424,7.8849744282
351.0002020368,7.9659779286
352.0000900312,8.0636785739
352.9999780256,7.9869166653
353.99986602,8.1096046667
355.0001980145,7.9526936951
356.0000860089,8.0111012047
356.9999740033,7.9409511179
357.9998619977,7.9419731811
359.0001939921,7.5921293877
360.0000819865,7.663126272
360.9999699809,7.7850886599
361.9998579753,7.7372059764
363.0001899697,7.5845471924
364.0000779641,7.6880290768
364.9999659585,7.704439559
365.9998539529,7.5907987378
367.0001859473,7.5801937864
368.0000739417,7.4134789394
368.9999619361,7.4517051765
369.9998499306,7.2846599947
371.000181925,7.1472985779
372.0000699194,7.2448360841
372.9999579138,6.8931166653
373.9998459082,7.09692045
375.0001779026,7.3096961508
376.000065897,7.070084841
376.9999538914,7.1345183122
377.9998418858,6.8894566764
379.0001738802,6.9641535856
380.0000618746,7.1008579777
380.999949869,7.3308879426
381.9998378634,7.1912071437
383.0001698578,7.1072014962
384.0000578523,7.1895296048
384.9999458467,6.9517267352
385.9998338411,6.7148471416
387.0001658355,6.677841253
388.0000538299,6.8825800961
388.9999418243,6.8063625677
389.9998298187,6.9658561719
391.0001618131,7.1751341716
392.0000498075,6.9858962469
392.9999378019,6.9317703637
393.9998257963,6.8312550379
395.0001577907,6.5635850635
396.0000457851,6.8318783383
396.9999337795,6.6614620745
397.999821774,6.5741739978
399.0001537684,6.5325819677
400.0000417628,6.6170774994
400.9999297572,6.8752548496
401.9998177516,6.7417663494
403.000149746,6.6618472411
404.0000377404,6.5746533464
404.9999257348,6.6028193942
405.9998137292,6.7322471995
407.0001457236,6.7572098974
408.000033718,6.7851757371
408.9999217124,6.8765605501
409.9998097068,6.7635032719
411.0001417012,6.7271449724
412.0000296956,6.5922129522
412.9999176901,6.7360446774
413.9998056845,6.4224426918
415.0001376789,6.5021923733
416.0000256733,6.2924387131
416.9999136677,6.5629996405
417.9998016621,6.6838165872
419.0001336565,6.441488496
420.0000216509,6.3555170752
420.9999096453,6.575825198
421.9997976397,6.7860616522
423.0001296341,6.6479931772
424.0000176285,6.533330379
424.9999056229,6.7108804195
425.9997936173,6.3437001299
427.0001256117,6.347009503
428.0000136062,6.4425355698
428.9999016006,6.396864573
429.999789595,6.2903911564
431.0001215894,6.4301331564
432.0000095838,6.4078624599
432.9998975782,6.50641276
433.9997855726,6.7280785038
435.000117567,6.5519577996
436.0000055614,6.5106090437
436.9998935558,6.4080946473
437.9997815502,6.088325693
439.0001135446,6.5049676577
440.000001539,6.3633636426
440.9998895334,6.5356584313
442.0002215279,6.487729893
443.0001095223,6.5193688582
443.9999975167,6.5712018019
444.9998855111,6.5597194069
446.0002175055,6.5898405169
447.0001054999,6.6015938786
447.9999934943,6.7230479452
448.9998814887,6.826502974
450.0002134831,6.7329790194
451.0001014775,6.8326691586
451.9999894719,6.896413423
452.9998774663,6.6248528259
454.0002094607,6.7073163544
455.0000974551,6.950436166
455.9999854496,7.0680209011
456.999873444,7.0517789041
458.0002054384,7.1728927448
459.0000934328,7.1605829668
459.9999814272,7.2813855654
460.9998694216,7.094400187
462.000201416,7.0106648085
463.0000894104,6.9502941601
463.9999774048,6.9375397775
464.9998653992,6.9287223885
466.0001973936,6.838910926
467.000085388,6.7187954761
467.9999733824,6.7213600164
468.9998613768,6.8504578799
470.0001933712,6.9315004227
471.0000813657,6.90857443
471.9999693601,6.8294195704
472.9998573545,7.0415917297
474.0001893489,6.9945250505
475.0000773433,7.0525813236
475.9999653377,6.9537826674
476.9998533321,6.9702095159
478.0001853265,6.8920732795
479.0000733209,7.0227715275
479.9999613153,7.140324436
480.9998493097,6.89991704
482.0001813041,6.8199229762
483.0000692985,6.6749608996
483.9999572929,6.8614538807
484.9998452874,6.8107028798
486.0001772818,6.7465642634
487.0000652762,6.7434735376
487.9999532706,6.7901638518
488.999841265,6.7473706792
490.0001732594,6.8889236696
491.0000612538,6.6617857951
491.9999492482,6.7977665588
492.9998372426,6.8785111735
494.000169237,6.51607393
495.0000572314,6.6519376188
495.9999452258,6.722830531
496.9998332202,6.5200397402
498.0001652146,6.6988154782
499.000053209,6.6076558313
499.9999412035,6.2693041283
500.9998291979,6.2835947429
502.0001611923,6.5373229916
503.0000491867,6.4728050853
503.9999371811,6.7153793164
504.9998251755,6.578327692
506.0001571699,6.8781713955
507.0000451643,6.6758894272
507.9999331587,6.3008193954
508.9998211531,6.0706968478
510.0001531475,6.0044669559
511.0000411419,6.1178762418
511.9999291363,6.0861362109
512.9998171307,6.0029813902
514.0001491252,5.8291733623
515.0000371196,5.9137961126
515.999925114,5.7687528622
516.9998131084,5.8661493325
518.0001451028,5.7989302905
519.0000330972,5.811644989
519.9999210916,5.8882883036
520.999809086,6.025078306
522.0001410804,5.9957008466
523.0000290748,5.8707783744
523.9999170692,5.8214983209
524.9998050636,5.8486827915
526.000137058,5.8524915247
527.0000250524,5.7964349111
527.9999130468,5.8983872202
528.9998010413,5.8934512897
530.0001330357,5.9358743534
531.0000210301,5.9341693815
531.9999090245,5.9362710877
532.9997970189,5.8801511652
534.0001290133,5.9308335295
535.0000170077,5.854192509
535.9999050021,5.9119988983
536.9997929965,5.9378755857
538.0001249909,6.0300700593
539.0000129853,5.9736024159
539.9999009797,5.9548209027
540.9997889741,6.1210518114
542.0001209685,6.2075386491
543.000008963,6.3154449749
543.9998969574,6.2746662209
544.9997849518,6.2530070788
546.0001169462,6.2905635506
547.0000049406,6.1250569432
547.999892935,6.2872681553
548.9997809294,6.4005987301
550.0001129238,6.3243219137
551.0000009182,6.3753985922
551.9998889126,6.2201418505
553.000220907,6.2555088582
554.0001089014,6.3491316982
554.9999968958,6.2776710949
555.9998848902,6.1705995213
557.0002168846,6.4067391202
558.0001048791,6.4362981177
558.9999928735,6.5070208127
559.9998808679,6.2365328186
561.0002128623,5.9517164159
562.0001008567,6.0515338451
562.9999888511,5.9749096422
563.9998768455,6.0124675577
565.0002088399,6.0212527717
566.0000968343,5.8933356493
566.9999848287,5.7688874035
567.9998728231,5.9766737449
569.0002048175,5.9880209144
570.0000928119,5.8628373522
570.9999808063,6.0670799739
571.9998688008,5.8903784901
573.0002007952,5.9674888767
574.0000887896,5.8095286478
574.999976784,5.76225674
575.9998647784,5.8904192431
577.0001967728,5.9252739541
578.0000847672,5.8397137024
578.9999727616,5.9585076825
579.999860756,5.8982135124
581.0001927504,5.8412077877
582.0000807448,5.8452041033
582.9999687392,5.6026129375
583.9998567336,5.8382873185
585.000188728,5.8110452342
586.0000767224,5.8934458166
586.9999647169,5.7865307801
587.9998527113,5.7147772112
589.0001847057,5.7998067672
590.0000727001,5.7912696221
590.9999606945,6.0233871499
591.9998486889,6.006450638
593.0001806833,5.9762284189
594.0000686777,5.8047185269
594.9999566721,5.7976512752
595.9998446665,5.9832333138
597.0001766609,6.0931830931
598.0000646553,6.4515217606
598.9999526497,6.3363467584
599.9998406441,6.2746813834
601.0001726386,6.1044776002
602.000060633,5.9476209318
602.9999486274,6.0372101091
603.9998366218,5.7748267301
605.0001686162,5.7546622032
606.0000566106,5.5651827406
606.999944605,5.5306327796
607.9998325994,5.3950777827
609.0001645938,5.4521472345
610.0000525882,5.5079268563
610.9999405826,5.6192632439
611.999828577,5.7074835943
613.0001605714,5.738687371
614.0000485658,5.6178923222
614.9999365602,5.8119489662
615.9998245547,5.6700347867
617.0001565491,5.7638854541
618.0000445435,5.8423248972
618.9999325379,5.805929224
619.9998205323,5.7402595356
621.0001525267,5.8015432241
622.0000405211,5.7211026856
622.9999285155,5.6757470197
623.9998165099,5.8268625428
625.0001485043,5.8944224453
626.0000364987,6.1344620623
626.9999244931,5.9455780168
627.9998124875,5.999653058
629.0001444819,6.143281378
630.0000324764,6.0825457292
630.9999204708,5.9600552916
631.9998084652,6.0590726151
633.0001404596,6.1666914999
634.000028454,6.3271808914
634.9999164484,6.3243815099
635.9998044428,6.1528489702
637.0001364372,6.6275646589
638.0000244316,6.8614762872
638.999912426,6.5597524063
639.9998004204,6.7502235092
641.0001324148,6.6782052233
642.0000204092,6.4449185889
642.9999084036,6.5744885964
643.9997963981,6.5208745087
645.0001283925,6.6787053464
646.0000163869,6.5659648589
646.9999043813,6.6986216599
647.9997923757,6.9320146367
649.0001243701,6.8308933015
650.0000123645,6.6621763336
650.9999003589,6.6362003775
651.9997883533,6.8045511848
653.0001203477,6.8739328167
654.0000083421,7.1026339389
654.9998963365,6.7603872624
655.9997843309,6.6525773585
657.0001163253,6.537725132
658.0000043197,6.4485582474
658.9998923142,6.3671457607
659.9997803086,6.5377757295
661.000112303,6.6416062601
662.0000002974,7.1041233536
662.9998882918,7.0906618704
664.0002202862,7.0593903443
665.0001082806,7.3095056658
665.999996275,7.1321347029
666.9998842694,7.0925713395
668.0002162638,7.2302934542
669.0001042582,7.1929110723
669.9999922526,7.0986387507
670.999880247,7.3998989883
672.0002122414,7.3356297937
673.0001002358,7.4243671673
673.9999882303,7.221127438
674.9998762247,7.1284154143
676.0002082191,7.2822505806
677.0000962135,7.2148578229
677.9999842079,7.1424653129
678.9998722023,6.9638884926
680.0002041967,7.0232613257
681.0000921911,6.9346433401
681.9999801855,6.7882357019
682.9998681799,7.1746272914
684.0002001743,7.0208520121
685.0000881687,7.2105996898
685.9999761631,7.3947115472
686.9998641575,7.452074114
688.000196152,7.4440097994
689.0000841464,7.4920569516
689.9999721408,7.5954137961
690.9998601352,7.6469736302
692.0001921296,7.707879077
693.000080124,7.9510876857
693.9999681184,7.8143329862
694.9998561128,7.8462552934
696.0001881072,7.7656450798
697.0000761016,7.6837975289
697.999964096,7.4709267104
698.9998520904,7.7920860938
700.0001840848,7.7766529418
701.0000720792,7.7990881764
701.9999600736,7.5588449593
702.9998480681,7.4956422649
704.0001800625,7.5662590595
705.0000680569,7.4346536711
705.9999560513,7.4127000128
706.9998440457,7.4618500237
708.0001760401,7.5081499236
709.0000640345,7.4253886471
709.9999520289,7.2186695355
710.9998400233,7.1865813094
712.0001720177,7.1685036912
713.0000600121,6.9830726822
713.9999480065,6.963299366
714.9998360009,7.2387677766
716.0001679953,7.0093017251
717.0000559898,6.9168635315
717.9999439842,7.0135931476
718.9998319786,6.8518734307
720.000163973,6.8814797825
721.0000519674,6.8822133799
721.9999399618,6.7177881559
722.9998279562,6.8843265455
724.0001599506,6.9500876477
725.000047945,6.9997347404
725.9999359394,6.920819168
726.9998239338,7.1423309095
728.0001559282,7.2015371445
729.0000439226,7.2973467564
729.999931917,7.4345236465
730.9998199115,7.5172341845
732.0001519059,7.6329458923
733.0000399003,7.4031032021
733.9999278947,7.5208900836
734.9998158891,7.4009770777
736.0001478835,7.5669824317
737.0000358779,7.645139924
737.9999238723,7.6773466404
738.9998118667,7.4123597959
740.0001438611,7.4251055999
741.0000318555,7.281147943
741.9999198499,7.5815855437
742.9998078443,7.5594223662
744.0001398387,7.5486677847
745.0000278331,7.2239677213
745.9999158276,7.4440545129
746.999803822,7.3545588438
748.0001358164,7.339053096
749.0000238108,7.5079303886
749.9999118052,7.4207268046
750.9997997996,7.3674062084
752.000131794,7.3572430946
753.0000197884,7.5967062678
753.9999077828,7.5245298949
754.9997957772,7.4528114365
756.0001277716,7.4740784156
757.000015766,7.4677926028
757.9999037604,7.6489468408
758.9997917548,7.4899687499
760.0001237492,7.5344497316
761.0000117437,7.5027117032
761.9998997381,7.5641268643
762.9997877325,7.323106529
764.0001197269,7.5937865592
765.0000077213,7.4368195743
765.9998957157,7.7627062721
766.9997837101,7.7779111752
768.0001157045,7.6892726915
769.0000036989,7.8864606515
769.9998916933,7.916094793
770.9997796877,8.1130843556
772.0001116821,7.9992582028
772.9999996765,8.118634029
773.9998876709,7.9941146514
775.0002196654,7.9410482114
776.0001076598,7.873144363
776.9999956542,8.0884036022
777.9998836486,8.0269266083
779.000215643,8.0882145065
780.0001036374,8.0657314842
780.9999916318,7.9568760215
781.9998796262,8.0921177313
783.0002116206,7.8231261122
784.000099615,7.6973167077
784.9999876094,7.7640811812
785.9998756038,7.4785425982
787.0002075982,7.4477630195
788.0000955926,7.3352006909
788.9999835871,7.2117630332
789.9998715815,7.4895257179
791.0002035759,7.3369796026
792.0000915703,7.4497748588
792.9999795647,7.3323561755
793.9998675591,7.436373626
795.0001995535,7.277210015
796.0000875479,7.2046478579
796.9999755423,7.3284626855
797.9998635367,7.1528790793
799.0001955311,7.031944867
800.0000835255,6.8776670938
800.9999715199,6.8494204672
801.9998595143,6.9318368364
803.0001915087,7.0364620775
804.0000795032,6.9133888874
804.9999674976,6.9444246306
805.999855492,6.6197779546
807.0001874864,6.5234438258
808.0000754808,6.9538928858
808.9999634752,6.8289919515
809.9998514696,6.970908742
811.000183464,7.0562050926
812.0000714584,6.8596717715
812.9999594528,7.0045854307
813.9998474472,6.9044943018
815.0001794416,6.9476585397
816.000067436,6.8824354729
816.9999554304,6.7594312242
817.9998434249,6.6315069173
819.0001754193,6.5498309972
820.0000634137,6.7330457173
820.9999514081,6.4855912248
821.9998394025,6.458664668
823.0001713969,6.4454289871
824.0000593913,6.5315960167
824.9999473857,6.4099604364
825.9998353801,6.2876065071
827.0001673745,6.1464892279
828.0000553689,6.0679132012
828.9999433633,6.1199528947
829.9998313577,5.9010316316
831.0001633521,6.3098263475
832.0000513465,6.1797655756
832.999939341,5.9766016517
833.9998273354,5.9731169157
835.0001593298,5.6850718281
836.0000473242,5.7857022952
836.9999353186,5.6843616184
837.999823313,5.55646871
839.0001553074,5.5696193259
840.0000433018,5.3475695619
840.9999312962,5.6776096728
841.9998192906,5.5755108973
843.000151285,5.7713002417
844.0000392794,5.7935030536
844.9999272738,5.8484363616
845.9998152682,5.7335276706
847.0001472627,5.9057966922
848.0000352571,6.0274092631
848.9999232515,6.2488931549
849.9998112459,6.4163855508
851.0001432403,6.3188652237
852.0000312347,6.2488534787
852.9999192291,6.2308639447
853.9998072235,6.0307643688
855.0001392179,5.9257108111
856.0000272123,5.9110406048
856.9999152067,5.8691090687
857.9998032011,5.9736910477
859.0001351955,5.9960320997
860.0000231899,6.3098574051
860.9999111843,6.2235811059
861.9997991788,6.10503476
863.0001311732,6.191775004
864.0000191676,5.9395680467
864.999907162,5.854313767
865.9997951564,5.7730668007
867.0001271508,5.8296243034
868.0000151452,6.1858351288
868.9999031396,6.0266899966
869.999791134,5.791266686
871.0001231284,5.5109925686
872.0000111228,5.7546454585
872.9998991172,5.640529817
873.9997871116,5.7131318403
875.000119106,5.7170990219
876.0000071005,5.6297852833
876.9998950949,5.5947872472
877.9997830893,5.723011323
879.0001150837,5.7537805094
880.0000030781,5.6839367293
880.9998910725,5.8401378341
881.9997790669,6.0312695125
883.0001110613,5.9669560594
883.9999990557,5.8252621334
884.9998870501,5.9730195711
886.0002190445,6.267692096
887.0001070389,6.3532775668
887.9999950333,6.3010805481
888.9998830277,6.0712527277
890.0002150221,6.1144859239
891.0001030166,6.1734816625
891.999991011,6.3625313684
892.9998790054,6.2133673175
894.0002109998,6.156397629
895.0000989942,6.2004211293
895.9999869886,6.3057073416
896.999874983,6.3113541983
898.0002069774,6.5295284724
899.0000949718,6.8228669362
899.9999829662,6.581529942
900.9998709606,6.6985479507
902.000202955,6.8909916541
903.0000909494,6.699676428
903.9999789438,6.7141981223
904.9998669383,6.678130471
906.0001989327,6.8316937198
907.0000869271,6.4639879383
907.9999749215,6.3286707759
908.9998629159,6.5141904356
910.0001949103,6.3801851494
911.0000829047,6.3908060192
911.9999708991,6.6124343438
912.9998588935,6.4173734266
914.0001908879,6.4294819844
915.0000788823,6.3920978684
915.9999668767,6.3483536441
916.9998548711,6.4108726748
918.0001868655,6.384925554
919.0000748599,6.308930648
919.9999628544,6.1600309327
920.9998508488,6.1813033266
922.0001828432,6.0015429918
923.0000708376,5.9357502759
923.999958832,5.926444721
924.9998468264,5.7496780192
926.0001788208,5.7295904393
927.0000668152,5.9676926614
927.9999548096,5.8921116684
928.999842804,6.0456290803
930.0001747984,6.254001038
931.0000627928,6.166733903
931.9999507872,6.1272577408
932.9998387816,6.222353522
934.0001707761,6.1370674805
935.0000587705,6.2127847515
935.9999467649,5.978386378
936.9998347593,6.1826851654
938.0001667537,6.2635347176
939.0000547481,6.3803380457
939.9999427425,6.2774791676
940.9998307369,6.0553356321
942.0001627313,6.3191348297
943.0000507257,6.4723010801
943.9999387201,6.4156371828
944.9998267145,6.4144789599
946.0001587089,6.1349780856
947.0000467033,6.1199134141
947.9999346977,6.0476723756
948.9998226922,6.0523397019
950.0001546866,6.1156187673
951.000042681,6.0919388622
951.9999306754,6.1353917605
952.9998186698,5.8751249729
954.0001506642,5.7893079749
955.0000386586,5.9342474082
955.999926653,5.7338718188
956.9998146474,5.982196287
958.0001466418,5.7071515335
959.0000346362,5.6867055842
959.9999226306,5.5116249945
960.999810625,5.5759951789
962.0001426194,5.7010279661
963.0000306139,5.8394603877
963.9999186083,5.7761687732
964.9998066027,5.823849528
966.0001385971,5.6597500181
967.0000265915,5.8610480867
967.9999145859,6.0028408945
968.9998025803,5.9429638762
970.0001345747,5.7580209836
971.0000225691,5.7985039193
971.9999105635,6.0653840692
972.9997985579,6.1030135711
974.0001305523,6.1065500381
975.0000185467,6.2396959123
975.9999065411,6.194066137
976.9997945355,6.1789424013
978.00012653,6.0229283172
979.0000145244,6.0052098515
979.9999025188,5.943898989
980.9997905132,5.6913147136
982.0001225076,5.4533612539
983.000010502,5.6429619775
983.9998984964,5.8621242398
984.9997864908,6.1234967231
986.0001184852,5.9713724787
987.0000064796,5.9050050321
987.999894474,5.6170871269
988.9997824684,5.7594172083
990.0001144628,5.6193340679
991.0000024572,5.7706964328
991.9998904517,5.4509659182
992.9997784461,5.5394241144
994.0001104405,5.5492357429
994.9999984349,5.5736793213
995.9998864293,5.5425226415
997.0002184237,5.1967674706
998.0001064181,5.141760081
998.9999944125,5.1727641086
999.9998824069,5.101297746
1001.0002144013,5.1839347668
1002.0001023957,5.240948441
1002.9999903901,5.2705208572
1003.9998783845,5.3271858157
1005.0002103789,5.3406431917
1006.0000983734,5.2941209706
1006.9999863678,5.3429926806
1007.9998743622,5.4026563541
1009.0002063566,5.2594090687
1010.000094351,5.4216484134
1010.9999823454,5.5119570058
1011.9998703398,5.4701055199
1013.0002023342,5.4807919304
1014.0000903286,5.4855540797
1014.999978323,5.5551771882
1015.9998663174,5.6621157683
1017.0001983118,5.6502113494
1018.0000863062,5.8575730159
1018.9999743006,5.7370716234
1019.9998622951,5.4795667645
1021.0001942895,5.8365100934
1022.0000822839,5.7577992445
1022.9999702783,5.5367389414
1023.9998582727,5.6410286849
1025.0001902671,5.757291487
1026.0000782615,5.838273871
1026.9999662559,5.7543407725
1027.9998542503,5.990283192
1029.0001862447,5.8727927103
1030.0000742391,5.711348866
1030.9999622335,5.8759606288
1031.9998502279,5.7869725275
1033.0001822223,5.6280446175
1034.0000702168,5.6902880078
1034.9999582112,5.5569201374
1035.9998462056,5.4896633523
1037.0001782,5.3994906628
1038.0000661944,5.4440362093
1038.9999541888,5.5146258366
1039.9998421832,5.6390387514
1041.0001741776,5.4157729044
1042.000062172,5.498757816
1042.9999501664,5.3849419491
1043.9998381608,5.43770416
1045.0001701552,5.5491289673
1046.0000581496,5.5582523061
1046.999946144,5.6692087156
1047.9998341384,5.4262742619
1049.0001661329,5.5710762164
1050.0000541273,5.7176752238
1050.9999421217,5.7152396457
1051.9998301161,5.7294069939
1053.0001621105,5.6807650299
1054.0000501049,5.6820899956
1054.9999380993,5.9128186441
1055.9998260937,5.7770402003
1057.0001580881,5.8607078193
1058.0000460825,5.7917209034
1058.9999340769,5.9009477756
1059.9998220713,5.8507996492
1061.0001540657,6.1511828217
1062.0000420601,6.1408066546
1062.9999300546,6.083291044
1063.999818049,6.1887205865
1065.0001500434,6.0242535782
1066.0000380378,6.0316027687
1066.9999260322,6.104500117
1067.9998140266,6.0604209721
1069.000146021,5.8811659041
1070.0000340154,6.060344326
1070.9999220098,6.0325435618
1071.9998100042,6.0616181399
1073.0001419986,6.0069218926
1074.000029993,6.0770673645
1074.9999179874,6.1019880251
1075.9998059818,6.2831368841
1077.0001379762,6.1027169893
1078.0000259707,6.1566124181
1078.9999139651,6.1268415318
1079.9998019595,6.1719019568
1081.0001339539,6.3059280178
1082.0000219483,6.4697515395
1082.9999099427,6.5513992645
1083.9997979371,6.6443935783
1085.0001299315,6.6199957297
1086.0000179259,6.5557852985
1086.9999059203,6.4183070519
1087.9997939147,6.7239994599
1089.0001259091,6.7404535715
1090.0000139035,6.7425529781
1090.9999018979,6.8315090316
1091.9997898924,6.6823669248
1093.0001218868,6.7483656414
1094.0000098812,6.5191141199
1094.9998978756,6.4845667455
1095.99978587,6.5325602571
1097.0001178644,6.4068072608
1098.0000058588,6.2212206578
1098.9998938532,6.4308852065
1099.9997818476,6.4843234022
1101.000113842,6.4012201732
1102.0000018364,6.8662567588
1102.9998898308,6.6162809151
1104.0002218252,6.7429109921
1105.0001098196,6.8805506409
1105.999997814,6.8311259679
1106.9998858085,6.80949979
1108.0002178029,7.0716835262
1109.0001057973,7.052196611
1109.9999937917,7.0624305951
1110.9998817861,7.3171893281
1112.0002137805,7.271959943
1113.0001017749,7.2059968798
1113.9999897693,7.4258231937
1114.9998777637,7.4877089437
1116.0002097581,7.42338669
1117.0000977525,7.2412952079
1117.9999857469,7.474164264
1118.9998737413,7.4762588527
1120.0002057357,7.3171715724
1121.0000937302,7.4195549332
1121.9999817246,7.5365644196
1122.999869719,7.4814348098
1124.0002017134,7.5940489394
1125.0000897078,7.388139064
1125.9999777022,7.4943248013
1126.9998656966,7.3692401795
1128.000197691,7.3841913193
1129.0000856854,7.5381406782
1129.9999736798,7.5988923937
1130.9998616742,7.6270454472
1132.0001936686,7.5378913424
1133.000081663,7.6076799086
1133.9999696574,7.3170871251
1134.9998576518,7.4466939748
1136.0001896463,7.3973738075
1137.0000776407,7.5020708799
1137.9999656351,7.4782991748
1138.9998536295,7.3611370777
1140.0001856239,7.6227380478
1141.0000736183,7.3129474792
1141.9999616127,7.5043203607
1142.9998496071,7.5734390174
1144.0001816015,7.5352713006
1145.0000695959,7.5663572197
1145.9999575903,7.8799638892
1146.9998455847,7.9984286451
1148.0001775791,8.0083882296
1149.0000655735,8.0226043565
1149.999953568,8.0782075357
1150.9998415624,7.8741678589
1152.0001735568,8.1341911604
1153.0000615512,8.04723007
1153.9999495456,8.0923281189
1154.99983754,8.0293999425
1156.0001695344,7.8069402396
1157.0000575288,7.7595468691
1157.9999455232,7.8644235646
1158.9998335176,7.8273309532
1160.000165512,8.1293484715
1161.0000535064,8.2166788726
1161.9999415008,8.0893157506
1162.9998294952,8.2264963099
1164.0001614896,8.2133289317
1165.0000494841,8.0000819626
1165.9999374785,8.1680413083
1166.9998254729,8.1176350123
1168.0001574673,7.7678717493
1169.0000454617,7.9239817706
1169.9999334561,8.0120935306
1170.9998214505,8.1063966546
1172.0001534449,8.1364018715
1173.0000414393,8.1414954341
1173.9999294337,8.1901711259
1174.9998174281,8.1596818742
1176.0001494225,8.2232430691
1177.0000374169,8.0635125845
1177.9999254113,8.1987858016
1178.9998134058,8.2798910745
1180.0001454002,8.2545949217
1181.0000333946,8.3143639224
1181.999921389,8.3023510539
1182.9998093834,8.4020915739
1184.0001413778,8.2909524013
1185.0000293722,8.3547164196
1185.9999173666,8.4299255516
1186.999805361,8.7151262912
1188.0001373554,8.4456451238
1189.0000253498,8.3494238577
1189.9999133442,8.6304955656
1190.9998013386,8.6221624992
1192.000133333,8.4739490221
1193.0000213274,8.4349958179
1193.9999093219,8.3848424153
1194.9997973163,8.3083789125
1196.0001293107,8.3379054196
1197.0000173051,8.412871859
1197.9999052995,8.797711134
1198.9997932939,8.336671466
1200.0001252883,8.4572924726
1201.0000132827,8.2813857827
1201.9999012771,8.2897037065
1202.9997892715,8.3474251666
1204.0001212659,8.2907362316
1205.0000092603,8.1508746222
1205.9998972547,8.1382996501
1206.9997852491,8.1755161725
1208.0001172436,7.9975379928
1209.000005238,7.936231238
1209.9998932324,7.8721906003
1210.9997812268,7.9296610209
1212.0001132212,8.0931042114
1213.0000012156,7.9288301839
1213.99988921,7.8396364168
1215.0002212044,7.5965764142
1216.0001091988,7.6223917944
1216.9999971932,7.5893738324
1217.9998851876,7.7852078236
1219.000217182,8.1628169506
1220.0001051764,8.0796220665
1220.9999931708,8.2378971033
1221.9998811653,7.9422810935
1223.0002131597,8.0569657876
1224.0001011541,7.9682056526
1224.9999891485,8.163378593
1225.9998771429,8.1552491398
1227.0002091373,7.9957645026
1228.0000971317,7.7279971558
1228.9999851261,7.8891694762
1229.9998731205,8.1382413105
1231.0002051149,8.269795107
1232.0000931093,8.4881094473
1232.9999811037,8.3672779811
1233.9998690981,8.4127271957
1235.0002010925,8.2702270468
1236.0000890869,8.4853908875
1236.9999770814,8.446385521
1237.9998650758,8.3117712964
1239.0001970702,8.0603527867
1240.0000850646,8.1445509755
1240.999973059,8.0930379492
1241.9998610534,7.9120963868
1243.0001930478,7.787970792
1244.0000810422,7.7510059105
1244.9999690366,7.6779430107
1245.999857031,7.9314813445
1247.0001890254,7.8642909031
1248.0000770198,7.5992922315
1248.9999650142,7.9149752329
1249.9998530086,7.8594117129
1251.000185003,7.9510856682
1252.0000729975,7.8848211054
1252.9999609919,7.6080818044
1253.9998489863,7.5572580422
1255.0001809807,7.7435933015
1256.0000689751,7.7191766381
1256.9999569695,7.8521126077
1257.9998449639,7.9915976009
1259.0001769583,8.1826602829
1260.0000649527,8.2892652626
1260.9999529471,7.9375404877
1261.9998409415,8.0613876318
1263.0001729359,8.1833579471
1264.0000609303,8.2498498562
1264.9999489247,8.1294914931
1265.9998369192,8.2951888585
1267.0001689136,8.2622551397
1268.000056908,8.079567147
1268.9999449024,8.1592672026
1269.9998328968,8.1935039289
1271.0001648912,7.87434032
1272.0000528856,7.894547616
1272.99994088,7.8936530476
1273.9998288744,7.9032664012
1275.0001608688,7.8065569558
1276.0000488632,7.7297398051
1276.9999368576,7.69109286
1277.999824852,7.7361283257
1279.0001568464,8.0727890345
1280.0000448408,7.8511483948
1280.9999328353,7.6350770833
1281.9998208297,7.7127031518
1283.0001528241,8.0186686107
1284.0000408185,7.7757184849
1284.9999288129,7.7778100628
1285.9998168073,7.512478127
1287.0001488017,7.2302043042
1288.0000367961,7.1102999168
1288.9999247905,7.0249176824
1289.9998127849,7.0033456341
1291.0001447793,6.8499016659
1292.0000327737,6.9606612178
1292.9999207681,6.9193167982
1293.9998087625,6.8610502919
1295.000140757,6.6822391516
1296.0000287514,6.9360009344
1296.9999167458,6.7764799152
1297.9998047402,6.8450333583
1299.0001367346,6.83881307
1300.000024729,6.80004332
1300.9999127234,6.7406729207
1301.9998007178,6.770303145
1303.0001327122,6.8307279851
1304.0000207066,6.9216709186
1304.999908701,6.9872648779
1305.9997966954,6.9053894838
1307.0001286898,6.6012714901
1308.0000166842,6.837009065
1308.9999046787,6.5553306604
1309.9997926731,6.6155000874
1311.0001246675,6.6130707703
1312.0000126619,6.794522439
1312.9999006563,6.6647192724
1313.9997886507,6.6384062747
1315.0001206451,6.6572260529
1316.0000086395,6.7092834169
1316.9998966339,6.3940956288
1317.9997846283,6.4566464933
1319.0001166227,6.3824950186
1320.0000046171,6.4607514021
1320.9998926115,6.3895914194
1321.9997806059,6.603487773
1323.0001126003,6.5068299654
1324.0000005948,6.7379752081
1324.9998885892,6.8140131244
1326.0002205836,6.9789973394
1327.000108578,7.1812161206
1327.9999965724,6.922348731
1328.9998845668,7.280025635
1330.0002165612,7.3146487604
1331.0001045556,7.4104333565
1331.99999255,7.4916671609
1332.9998805444,7.6868081111
1334.0002125388,7.5362048837
1335.0001005332,7.5391492021
1335.9999885276,7.5822447195
1336.999876522,7.5807399076
1338.0002085164,7.3349556541
1339.0000965109,7.4256115078
1339.9999845053,7.1822710621
1340.9998724997,7.3586591926
1342.0002044941,7.1357717124
1343.0000924885,7.1171150309
1343.9999804829,7.2538978317
1344.9998684773,7.3169668856
1346.0002004717,7.2915513611
1347.0000884661,7.3751591962
1347.9999764605,7.2070703828
1348.9998644549,7.1061646148
1350.0001964493,6.9621403231
1351.0000844437,6.7534491574
1351.9999724381,6.7226212308
1352.9998604326,6.8723449571
1354.000192427,7.0133750793
1355.0000804214,6.8754375206
1355.9999684158,6.8605601966
1356.9998564102,6.9824506449
1358.0001884046,7.0847473975
1359.000076399,6.823377098
1359.9999643934,6.8377145884
1360.9998523878,6.7709976745
1362.0001843822,6.8050445614
1363.0000723766,6.8590077127
1363.999960371,7.3110970175
1364.9998483654,7.0346226546
1366.0001803598,7.1515307519
1367.0000683543,7.0962043069
1367.9999563487,7.1527504809
1368.9998443431,6.9689998943
1370.0001763375,7.0658186852
1371.0000643319,7.121074948
1371.9999523263,6.9967775688
1372.9998403207,6.9520366935
1374.0001723151,6.7432344446
1375.0000603095,6.9289738991
1375.9999483039,6.9958640574
1376.9998362983,6.966717052
1378.0001682927,7.2551492701
1379.0000562871,7.4935865946
1379.9999442815,7.6045392859
1380.9998322759,7.9414447642
1382.0001642704,7.6104899414
1383.0000522648,7.6381639199
1383.9999402592,7.9528269231
1384.9998282536,7.7400351968
1386.000160248,7.4509471094
1387.0000482424,7.6003523384
1387.9999362368,7.394116445
1388.9998242312,7.3921516842
1390.0001562256,7.242019027
1391.00004422,7.0231598959
1391.9999322144,6.9999344752
1392.9998202088,6.9483959835
1394.0001522032,6.9685607288
1395.0000401976,7.2520842802
1395.9999281921,7.0549982747
1396.9998161865,7.1219208598
1398.0001481809,7.1857078799
1399.0000361753,7.055336564
1399.9999241697,7.4506161715
1400.9998121641,7.3888402269
1402.0001441585,7.5142252258
1403.0000321529,7.6121432984
1403.9999201473,7.8513168748
1404.9998081417,7.7324217061
1406.0001401361,7.645799357
1407.0000281305,7.6104571878
1407.9999161249,7.7599522584
1408.9998041193,7.6234826197
1410.0001361137,7.6401595717
1411.0000241082,7.8881714983
1411.9999121026,8.0318761842
1412.999800097,8.223956746
1414.0001320914,7.9205156986
1415.0000200858,7.971108329
1415.9999080802,7.9877436194
1416.9997960746,8.0248541817
1418.000128069,7.7843951238
1419.0000160634,7.9612816717
1419.9999040578,8.1005882911
1420.9997920522,8.2938866471
1422.0001240466,8.4996778849
1423.000012041,8.6950830882
1423.9999000354,8.4300298129
1424.9997880299,8.2217412756
1426.0001200243,8.4919725535
1427.0000080187,8.3818607412
1427.9998960131,8.1802593811
1428.9997840075,8.198325827
1430.0001160019,8.1680971495
1431.0000039963,8.0608942609
1431.9998919907,8.3290440042
1432.9997799851,8.2779657935
1434.0001119795,8.4238198342
1434.9999999739,8.5881585044
1435.9998879683,8.4831643433
1437.0002199627,8.5084977495
1438.0001079571,8.315550169
1438.9999959515,8.5093668381
1439.999883946,8.3121736136
1441.0002159404,8.3175452493
1442.0001039348,8.3842256492
1442.9999919292,8.24759627
1443.9998799236,8.3774639806
1445.000211918,8.2817805457
1446.0000999124,8.0843769917
1446.9999879068,8.0231322296
1447.9998759012,7.9118195777
1449.0002078956,8.1658176174
1450.00009589,8.4669771975
1450.9999838844,8.0137717521
1451.9998718788,8.1442641397
1453.0002038732,8.0273463378
1454.0000918677,8.1629261023
1454.9999798621,8.3723219803
1455.9998678565,8.3787812139
1457.0001998509,8.2533356617
1458.0000878453,8.4153619958
1458.9999758397,8.2842653527
1459.9998638341,8.2498913507
1461.0001958285,8.3450322498
1462.0000838229,8.5309874362
1462.9999718173,8.3544637584
1463.9998598117,8.6349194703
1465.0001918061,8.4831620883
1466.0000798005,8.1421137115
1466.9999677949,8.1302269902
1467.9998557893,7.9632188789
1469.0001877838,7.9417902202
1470.0000757782,8.1010643309
1470.9999637726,8.0966631536
1471.999851767,8.2935351689
1473.0001837614,8.1297062065
1474.0000717558,8.2944266004
1474.9999597502,8.2893809425
1475.9998477446,8.3079033995
1477.000179739,8.3654986132
1478.0000677334,8.0148655873
1478.9999557278,8.183716727
1479.9998437222,7.8062100598
1481.0001757166,7.7482842916
1482.000063711,7.8644796616
1482.9999517055,7.8390289805
1483.9998396999,7.8982586401
1485.0001716943,7.7247202259
1486.0000596887,7.9051457098
1486.9999476831,7.9735996185
1487.9998356775,7.9680127605
1489.0001676719,8.0057982876
1490.0000556663,7.9936637613
1490.9999436607,7.8623879107
1491.9998316551,8.0140633224
1493.0001636495,8.0365914866
1494.0000516439,7.8711958914
1494.9999396383,7.7905939581
1495.9998276327,7.5703211181
1497.0001596271,7.4498836869
1498.0000476216,7.4027553441
1498.999935616,7.5420062354
1499.9998236104,7.6495390674
1501.0001556048,7.6632537867
1502.0000435992,7.9411568272
1502.9999315936,7.5768442916
1503.999819588,7.6330057858
1505.0001515824,7.6999066354
1506.0000395768,7.4412688942
1506.9999275712,7.47863595
1507.9998155656,7.6211943606
1509.00014756,7.8278469287
1510.0000355544,7.9822198737
1510.9999235488,7.9870445606
1511.9998115433,7.8630866517
1513.0001435377,8.0530225138
1514.0000315321,7.7881259904
1514.9999195265,7.8695475918
1515.9998075209,8.0125163892
1517.0001395153,7.8689048223
1518.0000275097,8.0478866251
1518.9999155041,8.1035870599
1519.9998034985,8.1569347137
1521.0001354929,8.1636640951
1522.0000234873,7.9364185696
1522.9999114817,7.7816892402
1523.9997994761,8.0125803254
1525.0001314705,7.8247564387
1526.0000194649,7.6528174903
1526.9999074594,7.8268494249
1527.9997954538,7.897705644
1529.0001274482,7.8310346075
1530.0000154426,7.7119946399
1530.999903437,7.7424197084
1531.9997914314,7.949993186
1533.0001234258,7.9521178664
1534.0000114202,7.9428755526
1534.9998994146,8.0668878941
1535.999787409,7.9598925347
1537.0001194034,8.1863668676
1538.0000073978,8.2097994238
1538.9998953922,8.1024899849
1539.9997833866,8.2077394353
1541.0001153811,8.3545645877
1542.0000033755,8.4077079665
1542.9998913699,8.011887166
1543.9997793643,8.297861384
1545.0001113587,8.1052245564
1545.9999993531,8.3685272036
1546.9998873475,8.426916326
1548.0002193419,8.2799480622
1549.0001073363,8.6042635832
1549.9999953307,8.5969104043
1550.9998833251,8.2044089275
1552.0002153195,8.2603015383
1553.0001033139,8.4405289392
1553.9999913083,8.6551593126
1554.9998793027,8.2897819795
1556.0002112972,8.6654071468
1557.0000992916,8.6451644984
1557.999987286,8.622645763
1558.9998752804,8.7624189189
1560.0002072748,8.6728187318
1561.0000952692,8.6264668187
1561.9999832636,8.8209542746
1562.999871258,8.9480743886
1564.0002032524,8.7218670293
1565.0000912468,8.6592835271
1565.9999792412,8.5606710655
1566.9998672356,8.6577022192
1568.00019923,8.7115115251
1569.0000872244,9.0717669429
1569.9999752189,9.1028448733
1570.9998632133,9.0587022745
1572.0001952077,9.1657355019
1573.0000832021,9.2657802085
1573.9999711965,9.5741902598
1574.9998591909,9.5448036359
1576.0001911853,9.7019247049
1577.0000791797,9.3794098314
1577.9999671741,9.5366316063
1578.9998551685,9.4964605992
1580.0001871629,9.5912957318
1581.0000751573,9.3034977437
1581.9999631517,9.342287686
1582.9998511461,9.2540321651
1584.0001831405,9.4143191549
1585.000071135,9.3140370132
1585.9999591294,9.3519818443
1586.9998471238,9.4725845954
1588.0001791182,9.637212924
1589.0000671126,9.8824160682
1589.999955107,9.79884838
1590.9998431014,9.5574892358
1592.0001750958,9.7538638802
1593.0000630902,9.7844445644
1593.9999510846,9.7003771004
1594.999839079,9.7898859391
1596.0001710734,9.8314803771
1597.0000590678,9.554976545
1597.9999470622,9.1726193496
1598.9998350567,9.1977289814
1600.0001670511,9.3505305407
1601.0000550455,9.2432273158
1601.9999430399,9.1045851213
1602.9998310343,9.0725875912
1604.0001630287,9.1216006739
1605.0000510231,9.3269484227
1605.9999390175,9.3129805926
1606.9998270119,9.1332374988
1608.0001590063,9.2632558365
1609.0000470007,9.3703397436
1609.9999349951,9.2179973869
1610.9998229895,9.2816260905
1612.0001549839,9.0604482912
1613.0000429783,8.8308458023
1613.9999309728,8.6691267313
1614.9998189672,8.7395805514
1616.0001509616,8.95976159
1617.000038956,8.733233585
1617.9999269504,8.5872518968
1618.9998149448,8.7686614453
1620.0001469392,8.8244761057
1621.0000349336,8.658694336
1621.999922928,8.2767917051
1622.9998109224,8.2943562834
1624.0001429168,8.3699039518
1625.0000309112,8.4056856867
1625.9999189056,8.5131770653
1626.9998069,8.305548563
1628.0001388945,8.394960655
1629.0000268889,8.2779370259
1629.9999148833,8.471372574
1630.9998028777,8.3428111698
1632.0001348721,8.0720651171
1633.0000228665,8.0438787622
1633.9999108609,8.026551836
1634.9997988553,7.9982801381
1636.0001308497,7.8919139776
1637.0000188441,7.9554635491
1637.9999068385,8.0079471116
1638.9997948329,7.8594288355
1640.0001268273,7.6048888375
1641.0000148217,7.5770251406
1641.9999028162,7.6316452784
1642.9997908106,7.5312533625
1644.000122805,7.5529291604
1645.0000107994,7.5518233787
1645.9998987938,7.5862553799
1646.9997867882,7.6145205002
1648.0001187826,7.6752185892
1649.000006777,7.5331728886
1649.9998947714,7.3618108848
1650.9997827658,7.6415436042
1652.0001147602,7.7041770441
1653.0000027546,7.5678223237
1653.999890749,7.4512270467
1654.9997787434,7.5405051799
1656.0001107378,7.5242237224
1656.9999987323,7.5122302626
1657.9998867267,7.3128105082
1659.0002187211,7.1240827188
1660.0001067155,7.3595514553
1660.9999947099,7.3684175664
1661.9998827043,7.3249182836
1663.0002146987,7.2983986555
1664.0001026931,7.3002232305
1664.9999906875,7.2095155115
1665.9998786819,7.4955434282
1667.0002106763,7.542027218
1668.0000986707,7.6162586045
1668.9999866651,7.411508049
1669.9998746595,7.3762889486
1671.0002066539,7.4631662785
1672.0000946484,7.4223150128
1672.9999826428,7.5300435568
1673.9998706372,7.7331604441
1675.0002026316,7.7490203839
1676.000090626,7.5124109471
1676.9999786204,7.6450736013
1677.9998666148,7.4405124784
1679.0001986092,7.4600552324
1680.0000866036,7.4497456941
1680.999974598,7.370856934
1681.9998625924,7.1917803024
1683.0001945868,7.4467658653
1684.0000825812,7.2762591657
1684.9999705756,7.3790898024
1685.9998585701,7.2462584021
1687.0001905645,7.3986372622
1688.0000785589,7.3764969865
1688.9999665533,7.6956834066
1689.9998545477,7.4981768121
1691.0001865421,7.2098736233
1692.0000745365,7.3508564628
1692.9999625309,7.17914521
1693.9998505253,7.2470382359
1695.0001825197,7.2902359847
1696.0000705141,7.5644965593
1696.9999585085,7.3120229393
1697.9998465029,7.3684609159
1699.0001784973,7.4123721529
1700.0000664918,7.3330388478
1700.9999544862,7.4750655549
1701.9998424806,7.5542164002
1703.000174475,7.4358033915
1704.0000624694,7.598959033
1704.9999504638,7.7214819787
1705.9998384582,7.7032594911
1707.0001704526,7.9280253173
1708.000058447,7.7991816413
1708.9999464414,7.728024559
1709.9998344358,7.5935620404
1711.0001664302,7.4835018853
1712.0000544246,7.7067184222
1712.999942419,7.6673442386
1713.9998304134,7.7799628849
1715.0001624079,7.6861747872
1716.0000504023,7.6052685736
1716.9999383967,7.5005875693
1717.9998263911,7.8007572824
1719.0001583855,7.8234835886
1720.0000463799,7.9004711269
1720.9999343743,7.9056039886
1721.9998223687,7.9730599198
1723.0001543631,8.2335275692
1724.0000423575,7.9338616897
1724.9999303519,8.0942796712
1725.9998183463,8.0854825513
1727.0001503407,8.2306877937
1728.0000383351,8.0676019792
1728.9999263296,7.7898380882
1729.999814324,7.955219262
1731.0001463184,7.8922336102
1732.0000343128,7.6645152787
1732.9999223072,7.862964142
1733.9998103016,7.8020346666
1735.000142296,7.6259074733
1736.0000302904,7.3983971273
1736.9999182848,7.3264403837
1737.9998062792,7.5386185125
1739.0001382736,7.6603356509
1740.000026268,7.5795836803
1740.9999142624,7.9358177722
1741.9998022568,7.8186971743
1743.0001342512,7.7123061446
1744.0000222457,7.6430679379
1744.9999102401,7.5112601442
1745.9997982345,7.4006293217
1747.0001302289,7.5876610603
1748.0000182233,7.6469461831
1748.9999062177,7.6991028062
1749.9997942121,7.9602973668
1751.0001262065,8.0956173498
1752.0000142009,8.0763467194
1752.9999021953,7.8884405432
1753.9997901897,7.9799596456
1755.0001221841,7.6089524516
1756.0000101785,7.8296614315
1756.9998981729,7.8739474856
1757.9997861674,8.1389442277
1759.0001181618,7.9449086458
1760.0000061562,8.2225487764
1760.9998941506,8.0607409577
1761.999782145,8.3011658889
1763.0001141394,8.2304616951
1764.0000021338,8.0434690502
1764.9998901282,7.9812004405
1765.9997781226,8.1514799654
1767.000110117,8.1602291307
1767.9999981114,8.0151642504
1768.9998861058,8.0209122379
1770.0002181002,7.9350549829
1771.0001060946,8.0936281365
1771.999994089,8.0267108267
1772.9998820835,7.8599658775
1774.0002140779,7.947183011
1775.0001020723,8.1175253735
1775.9999900667,7.9392559828
1776.9998780611,7.9431922413
1778.0002100555,7.825876645
1779.0000980499,8.1755652834
1779.9999860443,8.1113152559
1780.9998740387,7.9327367873
1782.0002060331,7.7785724137
1783.0000940275,7.7366170457
1783.9999820219,7.6133936158
1784.9998700163,7.7457502618
1786.0002020107,7.5723029365
1787.0000900052,7.6969663621
1787.9999779996,7.7958078576
1788.999865994,7.7977439695
1790.0001979884,7.7897159402
1791.0000859828,7.7503704713
1791.9999739772,7.9039131717
1792.9998619716,7.9496201047
1794.000193966,7.91111608
1795.0000819604,7.5681723823
1795.9999699548,7.8331123278
1796.9998579492,8.0500153538
1798.0001899436,7.8140064453
1799.000077938,7.9031622537
1799.9999659324,7.83226956
1800.9998539268,7.9350018135
1802.0001859213,8.0876748593
1803.0000739157,7.9977846805
1803.9999619101,7.9338312227
1804.9998499045,7.7450175052
1806.0001818989,7.9021326636
1807.0000698933,7.8004759066
1807.9999578877,7.7380798961
1808.9998458821,7.6890850326
1810.0001778765,7.5498005398
1811.0000658709,7.4111188458
1811.9999538653,7.2190256628
1812.9998418597,7.0134060953
1814.0001738541,7.059968409
1815.0000618485,7.100027529
1815.999949843,6.9224072223
1816.9998378374,6.9589154662
1818.0001698318,6.9095713343
1819.0000578262,6.7723712787
1819.9999458206,6.7534628123
1820.999833815,7.0727249428
1822.0001658094,7.2396591808
1823.0000538038,7.5329890745
1823.9999417982,7.4975550941
1824.9998297926,7.4260834613
1826.000161787,7.4725883501
1827.0000497814,7.4952724565
1827.9999377758,7.344499595
1828.9998257702,7.1983852289
1830.0001577646,7.3135866962
1831.0000457591,7.2785108708
1831.9999337535,7.170719254
1832.9998217479,7.2981557752
1834.0001537423,7.0654402097
1835.0000417367,6.7558063536
1835.9999297311,6.8355295849
1836.9998177255,6.9602961512
1838.0001497199,6.9692528959
1839.0000377143,6.7958799389
1839.9999257087,6.6232168602
1840.9998137031,6.6466403255
1842.0001456975,6.6048741015
1843.0000336919,6.6894371471
1843.9999216863,6.6504725391
1844.9998096808,6.7273974998
1846.0001416752,6.8083699184
1847.0000296696,6.8461976256
1847.999917664,6.9378323324
1848.9998056584,7.0537808544
1850.0001376528,7.0611665377
1851.0000256472,7.2457799067
1851.9999136416,7.3276698882
1852.999801636,7.1819001456
1854.0001336304,7.2529547032
1855.0000216248,7.2972232029
1855.9999096192,7.3845680086
1856.9997976136,7.2277834922
1858.000129608,6.8214701354
1859.0000176024,6.7625338848
1859.9999055969,6.8406950777
1860.9997935913,6.9633485995
1862.0001255857,7.0534987139
1863.0000135801,7.0405210059
1863.9999015745,7.2053995253
1864.9997895689,7.094730109
1866.0001215633,7.0449996399
1867.0000095577,6.8030390122
1867.9998975521,6.7899663139
1868.9997855465,6.771275536
1870.0001175409,6.6467381478
1871.0000055353,6.6989455383
1871.9998935297,6.4309262834
1872.9997815241,6.4402762669
1874.0001135186,6.3210761429
1875.000001513,6.4513386704
1875.9998895074,6.5430309322
1877.0002215018,6.7642631665
1878.0001094962,6.8355696225
1878.9999974906,6.7697332186
1879.999885485,6.8655583896
1881.0002174794,7.0348324649
1882.0001054738,6.9719843255
1882.9999934682,6.8922396758
1883.9998814626,6.8116327227
1885.000213457,6.8323551028
1886.0001014514,6.9165893011
1886.9999894458,6.9808424144
1887.9998774402,6.840887879
1889.0002094347,6.7448597747
1890.0000974291,6.8261906756
1890.9999854235,6.8306021176
1891.9998734179,6.9496640445
1893.0002054123,6.8804772482
1894.0000934067,6.9017806854
1894.9999814011,6.9272201093
1895.9998693955,6.8488570396
1897.0002013899,6.8146662309
1898.0000893843,6.6312628879
1898.9999773787,6.3338294568
1899.9998653731,6.3132672929
1901.0001973675,6.4859862218
1902.0000853619,6.5376057872
1902.9999733564,6.4499533546
1903.9998613508,6.4472722202
1905.0001933452,6.3528817904
1906.0000813396,6.280926728
1906.999969334,6.3513677271
1907.9998573284,5.9632388917
1909.0001893228,6.2172733318
1910.0000773172,5.961648363
1910.9999653116,5.9642942939
1911.999853306,6.2429442096
1913.0001853004,6.38198216
1914.0000732948,6.1812662612
1914.9999612892,6.0881406127
1915.9998492836,6.1362535407
1917.000181278,6.21223157
1918.0000692725,6.2443333902
1918.9999572669,6.0425558966
1919.9998452613,6.3199387094
1921.0001772557,6.3781437127
1922.0000652501,6.7106441097
1922.9999532445,6.6213495315
1923.9998412389,6.6157466058
1925.0001732333,6.4727925035
1926.0000612277,6.6566892385
1926.9999492221,6.5498806591
1927.9998372165,6.7108444736
1929.0001692109,6.9156746939
1930.0000572053,6.7993823633
1930.9999451997,6.7350342747
1931.9998331942,6.8113185412
1933.0001651886,6.8765039301
1934.000053183,6.919873067
1934.9999411774,6.9022810621
1935.9998291718,6.8994130248
1937.0001611662,7.132599115
1938.0000491606,7.1408158334
1938.999937155,7.1050404934
1939.9998251494,7.0062919959
1941.0001571438,6.7700418996
1942.0000451382,6.8771916098
1942.9999331326,7.2729240416
1943.999821127,6.9203193878
1945.0001531214,6.6786644723
1946.0000411158,7.0412967963
1946.9999291103,7.0173087529
1947.9998171047,7.0130122239
1949.0001490991,7.0490748509
1950.0000370935,7.0466603555
1950.9999250879,7.3824067258
1951.9998130823,7.3709663491
1953.0001450767,7.3491789518
1954.0000330711,7.3998853021
1954.9999210655,7.0195044825
1955.9998090599,7.0566805641
1957.0001410543,7.1750940778
1958.0000290487,7.269940187
1958.9999170431,7.1672399208
1959.9998050375,7.2567476686
1961.000137032,7.1669226342
1962.0000250264,7.2653524757
1962.9999130208,7.2336739364
1963.9998010152,7.1399043235
1965.0001330096,7.2621161605
1966.000021004,7.3384665949
1966.9999089984,7.3434245109
1967.9997969928,7.4999344501
1969.0001289872,7.6362216407
1970.0000169816,7.435063863
1970.999904976,7.4482241966
1971.9997929704,7.3829230268
1973.0001249648,7.4446116643
1974.0000129592,7.3343780129
1974.9999009537,7.2267262633
1975.9997889481,7.3296012052
1977.0001209425,7.3248594286
1978.0000089369,7.3122358041
1978.9998969313,7.4126969713
1979.9997849257,7.5204000776
1981.0001169201,7.6144440498
1982.0000049145,7.5710142428
1982.9998929089,7.1916814611
1983.9997809033,7.4763118793
1985.0001128977,7.2930916975
1986.0000008921,7.5087445085
1986.9998888865,7.3224084888
1988.0002208809,7.452451987
1989.0001088753,7.4416386874
1989.9999968698,7.3542167873
1990.9998848642,7.2438526561
1992.0002168586,7.5148798973
1993.000104853,7.4347236085
1993.9999928474,7.4279043026
1994.9998808418,7.4107362049
1996.0002128362,7.7039611192
1997.0001008306,7.3843697506
1997.999988825,7.3631879177
1998.9998768194,7.2534424563
2000.0002088138,7.0251808829
2001.0000968082,6.8606526661
2001.9999848026,7.0755405204
2002.999872797,6.910263044
2004.0002047914,6.8942429378
2005.0000927859,6.7937527412
2005.9999807803,6.680409003
2006.9998687747,6.7088652036
2008.0002007691,6.6435720679
2009.0000887635,6.6555507412
2009.9999767579,6.7004281359
2010.9998647523,6.8355816581
2012.0001967467,6.9857136408
2013.0000847411,6.8678667594
2013.9999727355,7.0498459117
2014.9998607299,6.929892788
2016.0001927243,7.3047162655
2017.0000807187,7.3005123771
2017.9999687131,7.0820070181
2018.9998567076,7.0733725758
2020.000188702,7.0661734761
2021.0000766964,7.1069437954
2021.9999646908,7.2241167116
2022.9998526852,7.0125438264
2024.0001846796,7.4997410328
2025.000072674,7.2996628361
2025.9999606684,7.1579635718
2026.9998486628,6.8384852316
2028.0001806572,6.8964438058
2029.0000686516,7.0251078568
2029.999956646,7.0622089545
2030.9998446404,7.09533941
2032.0001766348,7.1052679186
2033.0000646293,6.9952678561
2033.9999526237,6.8971433032
2034.9998406181,6.6300092501
2036.0001726125,6.9851265601
2037.0000606069,6.9329202325
2037.9999486013,6.9671395521
2038.9998365957,6.7394908785
2040.0001685901,7.0261580193
2041.0000565845,6.9090159205
2041.9999445789,6.678517873
2042.9998325733,6.872205911
2044.0001645677,7.0110855798
2045.0000525621,7.1655522916
2045.9999405565,7.1686971019
2046.9998285509,7.1723774533
2048.0001605454,7.091532383
2049.0000485398,7.0189232793
2049.9999365342,7.1638208224
2050.9998245286,6.9293769493
2052.000156523,6.9513573791
2053.0000445174,6.7775034455
2053.9999325118,6.872210711
2054.9998205062,6.8905301822
2056.0001525006,7.1030333354
2057.000040495,7.026730207
2057.9999284894,7.2010512188
2058.9998164838,7.3207715361
2060.0001484782,7.5312690253
2061.0000364726,7.2824604253
2061.9999244671,7.4471744977
2062.9998124615,7.6134981172
2064.0001444559,7.4253911668
2065.0000324503,7.3202082834
2065.9999204447,7.4718063742
2066.9998084391,7.6977820703
2068.0001404335,7.8337830058
2069.0000284279,7.7733426836
2069.9999164223,7.8637160972
2070.9998044167,7.8101350149
2072.0001364111,7.8703581699
2073.0000244055,8.0128282284
2073.9999123999,8.1291313273
2074.9998003943,8.1868962274
2076.0001323887,7.8964536697
2077.0000203832,7.9616294843
2077.9999083776,7.7659606934
2078.999796372,7.746547365
2080.0001283664,7.5577282166
2081.0000163608,7.6796872897
2081.9999043552,7.6197474379
2082.9997923496,7.3445484912
2084.000124344,7.5142080074
2085.0000123384,7.3352856446
2085.9999003328,7.4881493015
2086.9997883272,7.4733851097
2088.0001203216,7.5376536925
2089.000008316,7.5290828782
2089.9998963104,7.5947647929
2090.9997843049,7.6438782673
2092.0001162993,7.8824090528
2093.0000042937,7.8690932571
2093.9998922881,7.7730325174
2094.9997802825,7.7378098639
2096.0001122769,7.9806800759
2097.0000002713,7.9667173727
2097.9998882657,8.3351811474
2099.0002202601,8.6129631208
2100.0001082545,8.3267831383
2100.9999962489,8.374939826
2101.9998842433,8.1514177122
2103.0002162377,8.3182452317
2104.0001042321,8.0194369825
2104.9999922265,7.8482613416
2105.999880221,7.7020022428
2107.0002122154,7.6949470174
2108.0001002098,7.7313176235
2108.9999882042,7.7400233014
2109.9998761986,7.7530518537
2111.000208193,7.7444344575
2112.0000961874,7.9128390649
2112.9999841818,7.9160657928
2113.9998721762,7.9307542136
2115.0002041706,7.9321933292
2116.000092165,7.8266535399
2116.9999801594,7.9715057621
2117.9998681538,7.8623909853
2119.0002001482,7.7183581577
2120.0000881427,7.7682394858
2120.9999761371,7.8541852817
2121.9998641315,8.0769352187
2123.0001961259,8.2050905126
2124.0000841203,8.5289056182
2124.9999721147,8.4910988828
2125.9998601091,8.6008649224
2127.0001921035,8.7413259635
2128.0000800979,8.6540952905
2128.9999680923,8.6166810804
2129.9998560867,8.6678652557
2131.0001880811,8.4354202102
2132.0000760755,8.5612710352
2132.9999640699,8.3488243558
2133.9998520643,8.2719989542
2135.0001840588,8.4165539335
2136.0000720532,8.2053236357
2136.9999600476,8.2523328244
2137.999848042,8.3680791942
2139.0001800364,8.4426489684
2140.0000680308,8.5647546141
2140.9999560252,8.5433470888
2141.9998440196,8.3178372307
2143.000176014,8.1068895762
2144.0000640084,7.9003671182
2144.9999520028,8.1443599465
2145.9998399972,8.0389926875
2147.0001719916,8.0904906496
2148.000059986,8.2339827768
2148.9999479805,8.3215396165
2149.9998359749,8.2555545512
2151.0001679693,8.3065657597
2152.0000559637,8.3411644634
2152.9999439581,8.2671660077
2153.9998319525,8.2408094489
2155.0001639469,8.0378383352
2156.0000519413,7.9495191425
2156.9999399357,8.0984704966
2157.9998279301,8.0491154018
2159.0001599245,8.2466066764
2160.0000479189,8.2155449444
2160.9999359133,8.4801524885
2161.9998239077,8.5675560559
2163.0001559021,8.4082819231
2164.0000438966,8.6527582096
2164.999931891,8.5005196922
2165.9998198854,8.4422912585
2167.0001518798,8.3775647079
2168.0000398742,8.2506285888
2168.9999278686,8.5754675346
2169.999815863,8.5817287791
2171.0001478574,8.5634582006
2172.0000358518,8.4437208433
2172.9999238462,8.4755696608
2173.9998118406,8.5361841529
2175.000143835,8.4494646615
2176.0000318294,8.3406704593
2176.9999198238,8.2805405601
2177.9998078183,8.1438052086
2179.0001398127,8.5001224612
2180.0000278071,8.2507809548
2180.9999158015,8.4863723241
2181.9998037959,8.3055151948
2183.0001357903,8.5334783309
2184.0000237847,8.3430670296
2184.9999117791,8.1232975597
2185.9997997735,8.323294064
2187.0001317679,8.2495069712
2188.0000197623,8.0692666094
2188.9999077567,8.0327001045
2189.9997957511,8.1707792389
2191.0001277455,8.2354924645
2192.0000157399,8.2490787495
2192.9999037344,7.8649057809
2193.9997917288,7.7960070886
2195.0001237232,7.8836113508
2196.0000117176,7.9888824608
2196.999899712,7.7237974622
2197.9997877064,7.7756378749
2199.0001197008,7.6959186031
2200.0000076952,7.6523244191
2200.9998956896,7.5154927497
2201.999783684,7.505601557
2203.0001156784,7.2514472675
2204.0000036728,7.6640385546
2204.9998916672,7.4357758724
2205.9997796616,7.4358936068
2207.0001116561,7.5420616117
2207.9999996505,7.6293504758
2208.9998876449,7.6550351601
2210.0002196393,7.4866962917
2211.0001076337,7.2146993332
2211.9999956281,7.109305097
2212.9998836225,7.1264405209
2214.0002156169,7.3020940469
2215.0001036113,7.1552230798
2215.9999916057,7.1772239295
2216.9998796001,6.898900896
2218.0002115945,6.8226273696
2219.0000995889,6.9052571099
2219.9999875833,6.9603244281
2220.9998755778,7.0169503544
2222.0002075722,7.1935678383
2223.0000955666,7.1534760153
2223.999983561,7.0542469743
2224.9998715554,7.113381093
2226.0002035498,7.1582339417
2227.0000915442,7.1692566941
2227.9999795386,7.1565700688
2228.999867533,7.2407204437
2230.0001995274,7.1659715109
2231.0000875218,7.1659750745
2231.9999755162,7.2720138199
2232.9998635106,7.1222034066
2234.000195505,7.3603148214
2235.0000834994,7.5868276916
2235.9999714939,7.5724909541
2236.9998594883,7.5379512848
2238.0001914827,7.6879220686
2239.0000794771,7.6936915125
2239.9999674715,7.7843465096
2240.9998554659,7.5140099054
2242.0001874603,7.4246045867
2243.0000754547,7.5552969781
2243.9999634491,7.5673913961
2244.9998514435,7.5859691053
2246.0001834379,7.8155553323
2247.0000714323,7.7867798351
2247.9999594267,7.731154357
2248.9998474211,7.5208403837
2250.0001794155,7.5549343579
2251.00006741,7.6105616263
2251.9999554044,7.5039806747
2252.9998433988,7.4358406198
2254.0001753932,7.5164668647
2255.0000633876,7.4448358917
2255.999951382,7.1499723583
2256.9998393764,7.0007062115
2258.0001713708,7.3039631735
2259.0000593652,7.3898493655
2259.9999473596,7.3871471116
2260.999835354,7.621991114
2262.0001673484,7.702011696
2263.0000553428,7.9288882568
2263.9999433372,7.5789654691
2264.9998313317,7.6384489631
2266.0001633261,7.659327114
2267.0000513205,7.9508113052
2267.9999393149,8.0446196718
2268.9998273093,8.0698597855
2270.0001593037,8.1514086895
2271.0000472981,7.9137128107
2271.9999352925,8.1282386402
2272.9998232869,8.0532343637
2274.0001552813,7.9746110715
2275.0000432757,7.9670790349
2275.9999312701,7.6980263676
2276.9998192645,8.1608257222
2278.0001512589,8.0228275517
2279.0000392533,7.9340160196
2279.9999272478,7.9836823925
2280.9998152422,8.1611304875
2282.0001472366,7.9582005624
2283.000035231,8.0312170276
2283.9999232254,8.2805771236
2284.9998112198,8.2776901732
2286.0001432142,8.3922653467
2287.0000312086,8.4017072833
2287.999919203,8.473101283
2288.9998071974,8.441582408
2290.0001391918,8.550932817
2291.0000271862,8.4623227587
2291.9999151806,8.7526407539
2292.999803175,8.775806261
2294.0001351695,8.6159167177
2295.0000231639,8.7084645143
2295.9999111583,8.7918381148
2296.9997991527,8.6011219491
2298.0001311471,8.7564781233
2299.0000191415,8.5556124314
2299.9999071359,8.6232550388
2300.9997951303,8.7168790834
2302.0001271247,8.4275878122
2303.0000151191,8.694602899
2303.9999031135,8.6634849061
2304.9997911079,8.2319470047
2306.0001231023,8.2895584123
2307.0000110967,8.2573205368
2307.9998990912,8.1430982146
2308.9997870856,8.0653520604
2310.00011908,8.0581138508
2311.0000070744,8.0153086923
2311.9998950688,8.1328117928
2312.9997830632,8.1529987818
2314.0001150576,8.2543685513
2315.000003052,8.2622420382
2315.9998910464,8.1417052991
2316.9997790408,8.2230012276
2318.0001110352,8.0666447852
2318.9999990296,8.0944973988
2319.999887024,7.9731819288
2321.0002190184,7.9210688086
2322.0001070128,8.0255170597
2322.9999950073,7.8195219784
2323.9998830017,7.9547217354
2325.0002149961,8.0555910052
2326.0001029905,7.7277033608
2326.9999909849,7.8358595657
2327.9998789793,7.9029041746
2329.0002109737,8.0452961563
2330.0000989681,8.2809923278
2330.9999869625,8.2696875657
2331.9998749569,8.1777800859
2333.0002069513,8.2484542991
2334.0000949457,8.1660131445
2334.9999829401,8.2812141219
2335.9998709345,8.2961030559
2337.0002029289,8.231334594
2338.0000909234,8.1561224783
2338.9999789178,8.089359513
2339.9998669122,7.9951968976
2341.0001989066,7.8945494054
2342.000086901,8.1039600522
2342.9999748954,7.9551600466
2343.9998628898,7.774750065
2345.0001948842,7.7978203481
2346.0000828786,8.0131354554
2346.999970873,7.8523489227
2347.9998588674,7.9268540332
2349.0001908618,7.9272098207
2350.0000788562,8.0067835309
2350.9999668506,7.8200090314
2351.9998548451,7.9479920371
2353.0001868395,7.7028869035
2354.0000748339,7.6018646275
2354.9999628283,7.5284430071
2355.9998508227,7.5451259539
2357.0001828171,7.3355316808
2358.0000708115,7.4477370852
2358.9999588059,7.4845787756
2359.9998468003,7.2974582275
2361.0001787947,7.2932936909
2362.0000667891,7.2583111572
2362.9999547835,7.329972018
2363.9998427779,7.0896841044
2365.0001747723,7.0772334582
2366.0000627668,7.0456152001
2366.9999507612,6.8898155282
2367.9998387556,6.6842948245
2369.00017075,6.9971618327
2370.0000587444,6.7874047639
2370.9999467388,7.1314203732
2371.9998347332,6.7492467658
2373.0001667276,6.8349881854
2374.000054722,6.8846075118
2374.9999427164,6.8704123696
2375.9998307108,7.1023245543
2377.0001627052,7.2643590418
2378.0000506996,7.1237577267
2378.999938694,7.337526954
2379.9998266884,7.211726462
2381.0001586829,7.2412950348
2382.0000466773,7.4863258346
2382.9999346717,7.5103187595
2383.9998226661,7.3569350563
2385.0001546605,7.5308796036
2386.0000426549,7.3081259917
2386.9999306493,7.2013931071
2387.9998186437,6.9140822494
2389.0001506381,7.0923140853
2390.0000386325,7.0865250104
2390.9999266269,7.0937448007
2391.9998146213,7.1866092491
2393.0001466157,7.1555930258
2394.0000346101,7.1653536985
2394.9999226046,7.2787959457
2395.999810599,6.9099526414
2397.0001425934,7.3748650534
2398.0000305878,7.415995696
2398.9999185822,7.5125422296
2399.9998065766,7.3862900858
2401.000138571,7.5842120528
2402.0000265654,7.4833737664
2402.9999145598,7.4977502385
2403.9998025542,7.4796272523
2405.0001345486,7.5313528632
2406.000022543,7.4650495264
2406.9999105374,7.3640993552
2407.9997985318,7.6091708483
2409.0001305262,7.6756898816
2410.0000185207,7.6575975451
2410.9999065151,7.6374269429
2411.9997945095,7.6526567508
2413.0001265039,7.5239276688
2414.0000144983,7.6573737986
2414.9999024927,7.8415512972
2415.9997904871,7.7442147489
2417.0001224815,7.8878597206
2418.0000104759,8.0203500665
2418.9998984703,8.0028843825
2419.9997864647,7.9545838375
2421.0001184591,7.727962385
2422.0000064535,7.7384564886
2422.9998944479,7.6794970726
2423.9997824424,7.8201798765
2425.0001144368,7.782539004
2426.0000024312,7.7227727129
2426.9998904256,7.8399064073
2427.99977842,7.5571104115
2429.0001104144,7.364069807
2429.9999984088,7.6909476007
2430.9998864032,7.7889567059
2432.0002183976,7.4828411271
2433.000106392,7.5116184884
2433.9999943864,7.417432521
2434.9998823808,7.4143205951
2436.0002143752,7.4428077102
2437.0001023696,7.3910395684
2437.999990364,7.3539405558
2438.9998783585,7.2824438621
2440.0002103529,7.3423313056
2441.0000983473,7.158781743
2441.9999863417,7.1012188679
2442.9998743361,7.0160707186
2444.0002063305,7.0239151825
2445.0000943249,7.0081449154
2445.9999823193,6.8542808437
2446.9998703137,6.6631932318
2448.0002023081,6.7533821356
2449.0000903025,6.9456962952
2449.9999782969,6.8253357882
2450.9998662913,6.8745011523
2452.0001982857,6.6596663529
2453.0000862802,6.4772938981
2453.9999742746,6.4287993603
2454.999862269,6.2919634953
2456.0001942634,6.3749562505
2457.0000822578,6.644894055
2457.9999702522,6.5244920058
2458.9998582466,6.3543147789
2460.000190241,6.0635254256
2461.0000782354,5.9252021922
2461.9999662298,6.0848590833
2462.9998542242,6.1933100584
2464.0001862186,6.2110129089
2465.000074213,6.3570940818
2465.9999622074,6.1385220282
2466.9998502018,6.2669443145
2468.0001821963,6.0756563706
2469.0000701907,5.9429541945
2469.9999581851,6.3190927851
2470.9998461795,6.1013863161
2472.0001781739,6.132618643
2473.0000661683,6.1244796061
2473.9999541627,6.2639375275
2474.9998421571,6.2439905006
2476.0001741515,6.0921398026
2477.0000621459,6.0752944661
2477.9999501403,5.8986420389
2478.9998381347,5.7076107722
2480.0001701291,5.7663832668
2481.0000581235,5.6504131112
2481.999946118,5.8408182913
2482.9998341124,6.0448422405
2484.0001661068,6.1669734117
2485.0000541012,5.9047227898
2485.9999420956,5.9164661438
2486.99983009,6.1153198106
2488.0001620844,6.1738001588
2489.0000500788,6.0106357182
2489.9999380732,5.8864011945
2490.9998260676,5.8840545959
2492.000158062,5.8430457858
2493.0000460564,6.0228592978
2493.9999340508,6.0789633959
2494.9998220452,5.9753105291
2496.0001540396,5.9535522912
2497.0000420341,5.9504468984
2497.9999300285,5.9538855434
2498.9998180229,6.3324763318
2500.0001500173,6.1422051477
2501.0000380117,5.9556611005
2501.9999260061,6.0861126057
2502.9998140005,6.1395816833
2504.0001459949,6.286550114
2505.0000339893,6.2841453907
2505.9999219837,6.1792425835
2506.9998099781,6.1456741539
2508.0001419725,6.2017060727
2509.0000299669,6.15549178
2509.9999179613,6.1606765349
2510.9998059558,6.0492340039
2512.0001379502,6.2123573699
2513.0000259446,5.9997659981
2513.999913939,6.042197607
2514.9998019334,6.0364352278
2516.0001339278,6.0304589556
2517.0000219222,5.957479614
2517.9999099166,5.8742465171
2518.999797911,6.068357684
2520.0001299054,6.0361108629
2521.0000178998,6.1176945554
2521.9999058942,6.1283955753
2522.9997938886,6.1724245765
2524.000125883,6.2396830277
2525.0000138774,6.0397197094
2525.9999018719,6.1041191392
2526.9997898663,6.0764716475
2528.0001218607,6.055521628
2529.0000098551,6.0319277878
2529.9998978495,5.9259466093
2530.9997858439,6.2586538813
2532.0001178383,6.0819935718
2533.0000058327,6.0626061768
2533.9998938271,6.3040244142
2534.9997818215,6.3083517683
2536.0001138159,6.4068760053
2537.0000018103,6.273581586
2537.9998898047,6.3717895582
2539.0002217991,6.226601806
2540.0001097936,6.1998423546
2540.999997788,5.9923386879
2541.9998857824,6.1123097111
2543.0002177768,5.8883974735
2544.0001057712,5.7629564572
2544.9999937656,5.6932501386
2545.99988176,5.6918839755
2547.0002137544,5.8551136205
2548.0001017488,5.69690788
2548.9999897432,5.6479329401
2549.9998777376,6.0492882585
2551.000209732,6.159518089
2552.0000977264,6.1317043848
2552.9999857208,6.2192411784
2553.9998737152,6.0548192536
2555.0002057097,6.0544901983
2556.0000937041,6.0828120563
2556.9999816985,6.2263402635
2557.9998696929,6.2109664794
2559.0002016873,6.3054227467
2560.0000896817,6.2053745936
2560.9999776761,6.0596358378
2561.9998656705,6.0951631167
2563.0001976649,6.0770883566
2564.0000856593,5.9936795565
2564.9999736537,5.8655021143
2565.9998616481,5.9679905086
2567.0001936425,6.2431413811
2568.0000816369,6.4056634517
2568.9999696314,6.4612667192
2569.9998576258,6.4115799837
2571.0001896202,6.4067342589
2572.0000776146,6.143730807
2572.999965609,6.1175066178
2573.9998536034,5.9150636372
2575.0001855978,6.0105990734
2576.0000735922,5.8565579966
2576.9999615866,5.9503454472
2577.999849581,5.8425013694
2579.0001815754,5.7095484103
2580.0000695698,5.8577878825
2580.9999575642,5.9981822217
2581.9998455586,6.021121665
2583.000177553,5.9892804468
2584.0000655475,6.0824950149
2584.9999535419,5.9354471284
2585.9998415363,5.781155847
2587.0001735307,6.0388942319
2588.0000615251,5.8040594891
2588.9999495195,5.9691787745
2589.9998375139,5.7581975432
2591.0001695083,5.8915832448
2592.0000575027,5.5657051938
2592.9999454971,5.4916835874
2593.9998334915,5.5770572069
2595.0001654859,5.4737875757
2596.0000534803,5.5560873827
2596.9999414747,5.717892541
2597.9998294692,5.4992760164
2599.0001614636,5.3213868568
2600.000049458,5.3625153452
2600.9999374524,5.2385022254
2601.9998254468,5.2584488291
2603.0001574412,5.294812425
2604.0000454356,5.2126068752
2604.99993343,5.0335784816
2605.9998214244,4.6932699245
2607.0001534188,4.9007945727
2608.0000414132,4.8806290852
2608.9999294076,4.7408051709
2609.999817402,4.833266335
2611.0001493964,4.9951022871
2612.0000373908,4.8496025233
2612.9999253853,4.9236278652
2613.9998133797,5.0980201572
2615.0001453741,5.0539802504
2616.0000333685,4.9214051685
2616.9999213629,5.2242437621
2617.9998093573,5.3346826485
2619.0001413517,5.2755998691
2620.0000293461,5.3492186831
2620.9999173405,5.6529554814
2621.9998053349,5.7281953644
2623.0001373293,5.7200187718
2624.0000253237,5.7330046568
2624.9999133181,5.9222496608
2625.9998013125,5.7544536506
2627.000133307,5.8388111197
2628.0000213014,5.6817745249
2628.9999092958,5.7356792759
2629.9997972902,5.8260543141
2631.0001292846,5.8030145916
2632.000017279,5.8921875602
2632.9999052734,5.9327685241
2633.9997932678,5.9497905397
2635.0001252622,5.8059104623
2636.0000132566,5.810407534
2636.999901251,6.013430997
2637.9997892454,6.033185653
2639.0001212398,5.8345686964
2640.0000092342,5.8209011874
2640.9998972287,6.0033432469
2641.9997852231,6.0172834963
2643.0001172175,6.0847927117
2644.0000052119,6.0396933812
2644.9998932063,5.9869417572
2645.9997812007,6.0902419597
2647.0001131951,6.0996365953
2648.0000011895,6.2612574088
2648.9998891839,6.6854340948
2650.0002211783,6.5935740372
2651.0001091727,6.5439753454
2651.9999971671,6.5453996518
2652.9998851615,6.5754431771
2654.0002171559,6.7012440088
2655.0001051503,6.8691278818
2655.9999931448,6.7151962066
2656.9998811392,6.7869364043
2658.0002131336,6.7939899908
2659.000101128,6.7976287753
2659.9999891224,6.687294612
2660.9998771168,6.6483275837
2662.0002091112,6.8499082194
2663.0000971056,6.8243294962
2663.9999851,6.701861975
2664.9998730944,6.8912266965
2666.0002050888,6.6391433891
2667.0000930832,6.8214633332
2667.9999810776,6.8528699667
2668.999869072,6.9823152421
2670.0002010664,7.0556548424
2671.0000890609,7.148408674
2671.9999770553,7.1207400709
2672.9998650497,7.2179358105
2674.0001970441,6.9636458225
2675.0000850385,7.2212067462
2675.9999730329,7.0667253746
2676.9998610273,7.2527974084
2678.0001930217,7.2137676906
2679.0000810161,7.0342926648
2679.9999690105,6.9396195198
2680.9998570049,7.0671588776
2682.0001889993,7.3237327046
2683.0000769937,7.3613888805
2683.9999649881,7.2376847174
2684.9998529826,7.4202191852
2686.000184977,7.1403531729
2687.0000729714,7.1136631726
2687.9999609658,7.2632618616
2688.9998489602,7.4008766051
2690.0001809546,7.2966598144
2691.000068949,7.226294251
2691.9999569434,7.4400175652
2692.9998449378,7.2672254416
2694.0001769322,7.2667175455
2695.0000649266,7.3183697946
2695.999952921,7.4570550888
2696.9998409154,7.3037993458
2698.0001729098,7.1222108548
2699.0000609043,7.2446704378
2699.9999488987,7.2268909943
2700.9998368931,6.9991157918
2702.0001688875,7.1841672113
2703.0000568819,7.2678587549
2703.9999448763,7.5444809008
2704.9998328707,7.4121491046
2706.0001648651,7.434611449
2707.0000528595,7.3444940527
2707.9999408539,7.5022437801
2708.9998288483,7.4239083585
2710.0001608427,7.5548513616
2711.0000488371,7.6356123531
2711.9999368315,7.4259999855
2712.9998248259,7.6722191971
2714.0001568204,7.5409123413
2715.0000448148,7.5165121454
2715.9999328092,7.4701661655
2716.9998208036,7.5106495837
2718.000152798,7.4816725706
2719.0000407924,7.4396318863
2719.9999287868,7.3514130876
2720.9998167812,7.610287986
2722.0001487756,7.5556753474
2723.00003677,7.7361051819
2723.9999247644,7.5238658724
2724.9998127588,7.3684535606
2726.0001447532,7.3086220715
2727.0000327476,7.2808322268
2727.9999207421,7.4773539576
2728.9998087365,7.7377779261
2730.0001407309,7.5554940542
2731.0000287253,7.5698338616
2731.9999167197,7.6107115279
2732.9998047141,7.2583453827
2734.0001367085,7.4035712349
2735.0000247029,7.5834265118
2735.9999126973,7.7041526463
2736.9998006917,7.776339815
2738.0001326861,7.6950793056
2739.0000206805,7.7368070804
2739.9999086749,7.689631788
2740.9997966693,7.7377690009
2742.0001286637,7.4756704084
2743.0000166582,7.7461416907
2743.9999046526,7.6948263098
2744.999792647,7.6664706475
2746.0001246414,7.5795729969
2747.0000126358,7.4953647017
2747.9999006302,7.5499926552
2748.9997886246,7.5773161796
2750.000120619,7.2901685477
2751.0000086134,7.4182938042
2751.9998966078,7.5571703483
2752.9997846022,7.4874455275
2754.0001165966,7.3320168179
2755.000004591,7.5997769945
2755.9998925854,7.684562974
2756.9997805799,7.7815262918
2758.0001125743,7.805253468
2759.0000005687,7.7034137583
2759.9998885631,7.8194342837
2761.0002205575,7.6800976757
2762.0001085519,7.6787161099
2762.9999965463,8.0026762979
2763.9998845407,8.2099765737
2765.0002165351,8.0956468267
2766.0001045295,8.0084173126
2766.9999925239,7.7611984667
2767.9998805183,7.7693893175
2769.0002125127,7.5570351412
2770.0001005071,7.5812709503
2770.9999885015,7.7032032659
2771.999876496,7.6541138872
2773.0002084904,7.5082680097
2774.0000964848,7.4949832131
2774.9999844792,7.335292204
2775.9998724736,7.2354619557
2777.000204468,7.2416496066
2778.0000924624,7.3477572142
2778.9999804568,7.3209406137
2779.9998684512,7.3452559313
2781.0002004456,7.1822950765
2782.00008844,6.8274005738
2782.9999764344,6.9428779934
2783.9998644288,7.0811108079
2785.0001964232,7.2063007455
2786.0000844177,7.3422918208
2786.9999724121,7.2182818456
2787.9998604065,7.2099694328
2789.0001924009,7.2170509946
2790.0000803953,7.195856204
2790.9999683897,6.9585870693
2791.9998563841,7.2217553474
2793.0001883785,7.1557956399
2794.0000763729,7.1116948059
2794.9999643673,7.1575676398
2795.9998523617,6.9780575294
2797.0001843561,7.0149940641
2798.0000723505,7.0947658253
2798.9999603449,6.7390346898
2799.9998483393,6.6925535437
2801.0001803338,6.4993987271
2802.0000683282,6.4640597515
2802.9999563226,6.50836843
2803.999844317,6.4165707075
2805.0001763114,6.3208813152
2806.0000643058,6.2890696113
2806.9999523002,6.3973118771
2807.9998402946,6.3666621879
2809.000172289,6.377864193
2810.0000602834,6.3371708214
2810.9999482778,6.3490815407
2811.9998362722,6.5827492691
2813.0001682666,6.37961205
2814.000056261,6.5007006446
2814.9999442555,6.2999699209
2815.9998322499,6.549858249
2817.0001642443,6.777725705
2818.0000522387,6.8811990202
2818.9999402331,6.8203165351
2819.9998282275,6.8749693523
2821.0001602219,6.9359805692
2822.0000482163,6.8836515418
2822.9999362107,7.0330846464
2823.9998242051,6.9686802882
2825.0001561995,7.107380676
2826.0000441939,6.9205361319
2826.9999321883,7.0072909503
2827.9998201827,7.0837739697
2829.0001521771,7.030065496
2830.0000401716,6.9638515915
2830.999928166,6.9879859197
2831.9998161604,7.1991880522
2833.0001481548,7.1626521137
2834.0000361492,7.4061954659
2834.9999241436,7.4832770384
2835.999812138,7.4023656576
2837.0001441324,7.2114351641
2838.0000321268,7.1829561498
2838.9999201212,6.9828348279
2839.9998081156,6.8037035513
2841.00014011,6.7973531442
2842.0000281044,6.7552879196
2842.9999160988,6.950159974
2843.9998040933,6.8242618398
2845.0001360877,7.1389054846
2846.0000240821,6.937162021
2846.9999120765,7.0199836154
2847.9998000709,7.1565317567
2849.0001320653,7.1669986819
2850.0000200597,6.9518790937
2850.9999080541,7.1501821605
2851.9997960485,6.9977203299
2853.0001280429,6.9345279449
2854.0000160373,6.9660738799
2854.9999040317,6.9945600727
2855.9997920261,6.7690918236
2857.0001240205,6.6249988422
2858.0000120149,6.5463971258
2858.9999000094,6.6257656638
2859.9997880038,6.4382312067
2861.0001199982,6.5081437419
2862.0000079926,6.4335345085
2862.999895987,6.3555565272
2863.9997839814,6.4754405069
2865.0001159758,6.5326424957
2866.0000039702,6.5329949804
2866.9998919646,6.394928443
2867.999779959,6.2769942143
2869.0001119534,6.390929136
2869.9999999478,6.3801995664
2870.9998879422,6.5380006828
2872.0002199366,6.6341108632
2873.0001079311,6.7673504858
2873.9999959255,6.7952600215
2874.9998839199,7.0405597132
2876.0002159143,6.8345624229
2877.0001039087,7.0458540225
2877.9999919031,7.0409608282
2878.9998798975,7.2171022086
2880.0002118919,7.3648290267
2881.0000998863,7.3580466197
2881.9999878807,7.1014183065
2882.9998758751,7.1005878357
2884.0002078695,7.022193952
2885.0000958639,7.0593760083
2885.9999838583,7.0049615617
2886.9998718528,7.1189400119
2888.0002038472,6.9595707506
2889.0000918416,6.970140823
2889.999979836,6.9588948417
2890.9998678304,6.8608722198
2892.0001998248,6.6270272209
2893.0000878192,6.5165066572
2893.9999758136,6.462031548
2894.999863808,6.5987986308
2896.0001958024,6.5998434927
2897.0000837968,6.4908156696
2897.9999717912,6.6431851946
2898.9998597856,7.0209097167
2900.00019178,6.7528491125
2901.0000797744,6.6352950329
2901.9999677689,6.6823143113
2902.9998557633,6.648923695
2904.0001877577,6.5552405375
2905.0000757521,6.3257423757
2905.9999637465,6.3655897641
2906.9998517409,6.2916075697
2908.0001837353,6.4058873966
2909.0000717297,6.5791596799
2909.9999597241,6.5485602835
2910.9998477185,6.6652775674
2912.0001797129,6.636421703
2913.0000677073,6.3988195359
2913.9999557017,6.662030757
2914.9998436961,6.7278478168
2916.0001756905,6.575522609
2917.000063685,6.6737287723
2917.9999516794,6.4224212588
2918.9998396738,6.4611865891
2920.0001716682,6.4079698437
2921.0000596626,6.4634571348
2921.999947657,6.6911400977
2922.9998356514,6.7698919573
2924.0001676458,6.5610806942
2925.0000556402,6.4037201638
2925.9999436346,6.3928025832
2926.999831629,6.3348243277
2928.0001636234,6.297795492
2929.0000516178,6.3960274528
2929.9999396122,6.4890434671
2930.9998276067,6.3878003166
2932.0001596011,6.625513761
2933.0000475955,6.5397867898
2933.9999355899,6.3811198994
2934.9998235843,6.3645501088
2936.0001555787,6.2287910682
2937.0000435731,6.4865995142
2937.9999315675,6.6161190108
2938.9998195619,6.5562776792
2940.0001515563,6.6491362825
2941.0000395507,6.3856764185
2941.9999275451,6.2202864607
2942.9998155395,6.387617639
2944.0001475339,6.4236192288
2945.0000355284,6.3028071108
2945.9999235228,6.068276653
2946.9998115172,6.1825626501
2948.0001435116,6.22873827
2949.000031506,6.0070817426
2949.9999195004,6.1187573092
2950.9998074948,6.3935932185
2952.0001394892,6.3793629383
2953.0000274836,6.3794719823
2953.999915478,6.5279505909
2954.9998034724,6.4234497805
2956.0001354668,6.441370056
2957.0000234612,6.2413763101
2957.9999114556,6.1553381744
2958.99979945,6.1023336342
2960.0001314445,6.2095680422
2961.0000194389,6.3395116756
2961.9999074333,6.1758987799
2962.9997954277,6.4325556311
2964.0001274221,6.4512539311
2965.0000154165,6.3799368544
2965.9999034109,6.5213490786
2966.9997914053,6.441525023
2968.0001233997,6.3500465149
2969.0000113941,6.4882425766
2969.9998993885,6.4109283343
2970.9997873829,6.5817846571
2972.0001193773,6.2766689168
2973.0000073717,6.1481426879
2973.9998953662,6.1334508815
2974.9997833606,6.2929209843
2976.000115355,6.473462676
2977.0000033494,6.2376466059
2977.9998913438,6.2504595755
2978.9997793382,6.1416030256
2980.0001113326,6.117828605
2980.999999327,6.2336661689
2981.9998873214,6.3995193446
2983.0002193158,6.3491905863
2984.0001073102,6.2600727496
2984.9999953046,6.3008787683
2985.999883299,6.3192071742
2987.0002152934,6.2020661707
2988.0001032878,6.1820094377
2988.9999912823,6.2113831388
2989.9998792767,6.4853828246
2991.0002112711,6.3658865016
2992.0000992655,6.381562596
2992.9999872599,6.6585949761
2993.9998752543,6.6209611052
2995.0002072487,6.8710487582
2996.0000952431,6.8979104991
2996.9999832375,6.9004030525
2997.9998712319,6.6890361096
2999.0002032263,6.6001026495
3000.0000912207,6.5348716429
3000.9999792151,6.4744769957
3001.9998672095,6.5877015548
3003.0001992039,6.5917436964
3004.0000871984,6.4450406802
3004.9999751928,6.358837931
3005.9998631872,6.1854763822
3007.0001951816,6.5039823792
3008.000083176,6.5575854401
3008.9999711704,6.5816924629
3009.9998591648,6.299171263
3011.0001911592,6.6520038054
3012.0000791536,6.4587567278
3012.999967148,6.5026264775
3013.9998551424,6.4307217146
3015.0001871368,6.5203121561
3016.0000751312,6.8262679241
3016.9999631256,6.7911692805
3017.9998511201,6.8750967068
3019.0001831145,6.8787576066
3020.0000711089,6.8198289752
3020.9999591033,6.6894281758
3021.9998470977,7.0779703574
3023.0001790921,6.6977837998
3024.0000670865,6.7007989917
3024.9999550809,6.9180758531
3025.9998430753,6.8174330996
3027.0001750697,6.6496620198
3028.0000630641,6.5146856234
3028.9999510585,6.5366475328
3029.9998390529,6.4159390408
3031.0001710473,6.5419155255
3032.0000590418,6.4471879654
3032.9999470362,6.7520249129
3033.9998350306,6.4628098095
3035.000167025,6.4138278549
3036.0000550194,6.7021087815
3036.9999430138,6.8100610943
3037.9998310082,6.7903088263
3039.0001630026,6.7988303264
3040.000050997,6.773238711
3040.9999389914,7.0357086085
3041.9998269858,6.9811599848
3043.0001589802,7.1585033813
3044.0000469746,7.0685582643
3044.999934969,7.0251942633
3045.9998229634,7.3675799319
3047.0001549579,7.0870534459
3048.0000429523,7.0350149596
3048.9999309467,7.0442041293
3049.9998189411,7.028927303
3051.0001509355,7.1801760986
3052.0000389299,7.1730067936
3052.9999269243,7.1415168895
3053.9998149187,7.316739075
3055.0001469131,7.3090609334
3056.0000349075,7.3094748066
3056.9999229019,7.4918714521
3057.9998108963,7.4870050494
3059.0001428907,7.6710631916
3060.0000308851,7.3916465289
3060.9999188796,7.1681964684
3061.999806874,7.3250944114
3063.0001388684,7.2270777796
3064.0000268628,7.3866068167
3064.9999148572,7.4544066179
3065.9998028516,7.2913014975
3067.000134846,7.3409726333
3068.0000228404,7.2788603678
3068.9999108348,7.4440780181
3069.9997988292,7.4464098895
3071.0001308236,6.9617967354
3072.000018818,6.8075852017
3072.9999068124,6.887413061
3073.9997948068,6.7729905807
3075.0001268012,6.8182721173
3076.0000147957,6.799070412
3076.9999027901,6.6320989252
3077.9997907845,6.4555794847
3079.0001227789,6.6204056432
3080.0000107733,6.7727844487
3080.9998987677,6.8690661775
3081.9997867621,6.7467007232
3083.0001187565,7.0144482195
3084.0000067509,6.9964951198
3084.9998947453,7.0013345066
3085.9997827397,7.0455425194
3087.0001147341,6.9562322189
3088.0000027285,7.1728127981
3088.9998907229,7.078905272
3089.9997787174,6.9840473041
3091.0001107118,7.0125500369
3091.9999987062,6.8527041769
3092.9998867006,6.9112529628
3094.000218695,6.8178231134
3095.0001066894,6.7906760003
3095.9999946838,6.8296245715
3096.9998826782,6.8943601008
3098.0002146726,6.7074856255
3099.000102667,6.6646125052
3099.9999906614,6.7013244676
3100.9998786558,6.6269644787
3102.0002106502,6.5385861862
3103.0000986446,6.526884855
3103.999986639,6.8519551512
3104.9998746335,6.9757894378
3106.0002066279,6.8124425793
3107.0000946223,6.7516261524
3107.9999826167,6.7456665307
3108.9998706111,6.8717606117
3110.0002026055,6.8383165873
3111.0000905999,6.7839754335
3111.9999785943,6.9202972994
3112.9998665887,6.7475972093
3114.0001985831,7.1956755017
3115.0000865775,7.1198707692
3115.9999745719,7.0465455096
3116.9998625663,7.0174926792
3118.0001945607,7.2515404265
3119.0000825552,7.4648488928
3119.9999705496,7.4542915389
3120.999858544,7.4886846214
3122.0001905384,7.3149475681
3123.0000785328,7.3905413294
3123.9999665272,7.2205240564
3124.9998545216,7.1886477172
3126.000186516,7.3099133218
3127.0000745104,7.5803580286
3127.9999625048,7.3740783408
3128.9998504992,7.2864591279
3130.0001824936,7.5266707829
3131.000070488,7.5291161421
3131.9999584824,7.6271469164
3132.9998464768,7.7590525726
3134.0001784713,7.9409115956
3135.0000664657,7.807967452
3135.9999544601,7.9633557343
3136.9998424545,8.0548089512
3138.0001744489,7.9484774468
3139.0000624433,7.976085153
3139.9999504377,7.8998797728
3140.9998384321,7.6097004827
3142.0001704265,7.5459226608
3143.0000584209,7.6036007286
3143.9999464153,7.6247251291
3144.9998344097,7.6900584055
3146.0001664041,7.6303609043
3147.0000543985,7.432464884
3147.999942393,7.4647042455
3148.9998303874,7.2673000036
3150.0001623818,7.3082262013
3151.0000503762,7.3454214261
3151.9999383706,7.533217745
3152.999826365,7.6109733045
3154.0001583594,7.718937585
3155.0000463538,7.8949279685
3155.9999343482,8.2162802377
3156.9998223426,8.026366058
3158.000154337,7.9013125204
3159.0000423314,7.862647988
3159.9999303258,7.8777214483
3160.9998183202,8.036692123
3162.0001503146,7.8772345886
3163.0000383091,7.8626671115
3163.9999263035,7.7221688775
3164.9998142979,7.8137689174
3166.0001462923,7.771153531
3167.0000342867,7.5183513561
3167.9999222811,7.5329912394
3168.9998102755,7.421858858
3170.0001422699,7.3629947722
3171.0000302643,7.2002530027
3171.9999182587,7.4961407829
3172.9998062531,7.3233523405
3174.0001382475,7.2290301086
3175.0000262419,7.2694730432
3175.9999142363,7.2248718955
3176.9998022308,7.2108081257
3178.0001342252,7.1610036105
3179.0000222196,7.1835387831
3179.999910214,7.2290293967
3180.9997982084,7.4305507148
3182.0001302028,7.2558524469
3183.0000181972,7.3785089983
3183.9999061916,7.3817686249
3184.999794186,7.3158908859
3186.0001261804,7.2577182188
3187.0000141748,7.3234472326
3187.9999021692,7.464010804
3188.9997901636,7.266324928
3190.000122158,7.3203316262
3191.0000101524,7.1079406211
3191.9998981469,7.1014130035
3192.9997861413,6.9998774167
3194.0001181357,6.9091321583
3195.0000061301,6.6773345598
3195.9998941245,6.6583627293
3196.9997821189,6.5256912754
3198.0001141133,6.2892858594
3199.0000021077,6.176002263
3199.9998901021,6.4125103838
3200.9997780965,6.4288625945
3202.0001100909,6.3885926589
3202.9999980853,6.6708934581
3203.9998860797,7.0673373608
3205.0002180741,6.8550737383
3206.0001060686,6.921377038
3206.999994063,6.9693440375
3207.9998820574,7.0469770899
3209.0002140518,7.031485019
3210.0001020462,7.1020899995
3210.9999900406,7.1476323609
3211.999878035,7.534217387
3213.0002100294,7.2276917097
3214.0000980238,7.4651793768
3214.9999860182,6.8384157751
3215.9998740126,6.8992631117
3217.000206007,6.8286751986
3218.0000940014,6.7460056221
3218.9999819958,6.6253041681
3219.9998699903,6.8794808615
3221.0002019847,6.7983574613
3222.0000899791,6.8421683712
3222.9999779735,6.7999490456
3223.9998659679,6.9970255036
3225.0001979623,7.1170559134
3226.0000859567,7.058810094
3226.9999739511,6.9196549905
3227.9998619455,6.985454762
3229.0001939399,7.2217283988
3230.0000819343,7.1930661104
3230.9999699287,7.1262031996
3231.9998579231,7.1315707845
3233.0001899175,7.1957093073
3234.0000779119,7.2968779853
3234.9999659064,7.3934193617
3235.9998539008,7.3016176399
3237.0001858952,7.4448971481
3238.0000738896,7.6389566381
3238.999961884,7.8160677667
3239.9998498784,7.6523933667
3241.0001818728,7.520716081
3242.0000698672,7.7461738031
3242.9999578616,8.1757969585
3243.999845856,8.1669305289
3245.0001778504,8.2065065649
3246.0000658448,7.8357417932
3246.9999538392,7.9292571606
3247.9998418336,7.5776455868
3249.000173828,7.313598235
3250.0000618225,7.2976297328
3250.9999498169,7.2218842181
3251.9998378113,7.2092287434
3253.0001698057,7.0453900289
3254.0000578001,7.1687705727
3254.9999457945,7.2507890758
3255.9998337889,7.2176267326
3257.0001657833,7.2625379356
3258.0000537777,7.2442996282
3258.9999417721,7.231295539
3259.9998297665,7.1658961192
3261.0001617609,7.1054457888
3262.0000497553,7.1434778099
3262.9999377497,7.2354761017
3263.9998257442,7.1528114339
3265.0001577386,7.2206400933
3266.000045733,7.1438914589
3266.9999337274,7.0330984654
3267.9998217218,6.8739750541
3269.0001537162,6.6520210079
3270.0000417106,6.8214611298
3270.999929705,6.7086770318
3271.9998176994,6.9721081372
3273.0001496938,6.8077246637
3274.0000376882,6.9184451776
3274.9999256826,6.9862295723
3275.999813677,6.8729310312
3277.0001456714,7.0229567968
3278.0000336658,6.908758407
3278.9999216603,7.0857517971
3279.9998096547,7.0933206161
3281.0001416491,6.9919211269
3282.0000296435,6.9833363175
3282.9999176379,6.7637693974
3283.9998056323,6.7181655869
3285.0001376267,6.9860559093
3286.0000256211,6.8399430709
3286.9999136155,6.95294798
3287.9998016099,6.9658284061
3289.0001336043,7.2766675113
3290.0000215987,7.3126602694
3290.9999095931,7.2279268226
3291.9997975875,6.938589019
3293.000129582,7.029513317
3294.0000175764,7.2322461742
3294.9999055708,7.142138522
3295.9997935652,7.2794957712
3297.0001255596,7.3774955484
3298.000013554,7.3080690948
3298.9999015484,7.1951052105
3299.9997895428,7.0932805229
3301.0001215372,7.2714965349
3302.0000095316,7.204768243
3302.999897526,7.2251291465
3303.9997855204,7.1814913817
3305.0001175148,7.2494029589
3306.0000055092,7.2608462379
3306.9998935037,7.0905118729
3307.9997814981,7.0195301737
3309.0001134925,7.0425827004
3310.0000014869,7.0584409678
3310.9998894813,6.9807621064
3312.0002214757,6.9907576606
3313.0001094701,7.006066107
3313.9999974645,6.9389061232
3314.9998854589,6.8819009975
3316.0002174533,6.9310224186
3317.0001054477,6.7832874174
3317.9999934421,6.5597355088
3318.9998814365,6.6135998837
3320.0002134309,6.8006146764
3321.0001014253,6.5517790831
3321.9999894198,6.7862447761
3322.9998774142,6.9464664435
3324.0002094086,6.8052977408
3325.000097403,6.7436844025
3325.9999853974,6.7218021063
3326.9998733918,6.5484124903
3328.0002053862,6.6541720705
3329.0000933806,6.6029846913
3329.999981375,6.5120790598
3330.9998693694,6.4961044912
3332.0002013638,6.4096954848
3333.0000893582,6.3799412276
3333.9999773526,6.2833986807
3334.999865347,6.2446678763
3336.0001973414,6.1434876768
3337.0000853359,6.2859396575
3337.9999733303,6.2723194132
3338.9998613247,6.118931907
3340.0001933191,6.2497619796
3341.0000813135,6.4125920752
3341.9999693079,6.3878828437
3342.9998573023,6.5489955334
3344.0001892967,6.51344919
3345.0000772911,6.7270162587
3345.9999652855,6.5411468111
3346.9998532799,6.6779713598
3348.0001852743,6.5191375833
3349.0000732687,6.6498417768
3349.9999612631,6.7736321588
3350.9998492576,6.8753388576
3352.000181252,6.9952407017
3353.0000692464,6.9774085558
3353.9999572408,7.0165163889
3354.9998452352,7.1715157406
3356.0001772296,7.0860782794
3357.000065224,6.9273616832
3357.9999532184,7.1785875706
3358.9998412128,7.1799098387
3360.0001732072,7.0975002833
3361.0000612016,7.0280345748
3361.999949196,6.9906371684
3362.9998371904,7.1235823018
3364.0001691848,6.911331649
3365.0000571793,6.7223694338
3365.9999451737,6.814559701
3366.9998331681,6.7417422021
3368.0001651625,7.0463277172
3369.0000531569,7.072999789
3369.9999411513,6.9081441261
3370.9998291457,6.9879465693
3372.0001611401,7.1712533798
3373.0000491345,7.2115628229
3373.9999371289,7.064300168
3374.9998251233,7.2946089597
3376.0001571177,7.351870387
3377.0000451121,7.2229417415
3377.9999331065,7.3694438038
3378.9998211009,7.3788015223
3380.0001530954,7.1930790872
3381.0000410898,7.3566679791
3381.9999290842,7.4579981299
3382.9998170786,7.6070182763
3384.000149073,7.633196401
3385.0000370674,7.3341811057
3385.9999250618,7.4429240473
3386.9998130562,7.4275743664
3388.0001450506,7.6482918678
3389.000033045,7.5788648566
3389.9999210394,7.5528031246
3390.9998090338,7.5727365389
3392.0001410282,7.5211986224
3393.0000290226,7.6862697652
3393.9999170171,7.4304037552
3394.9998050115,7.8335898983
3396.0001370059,8.042339435
3397.0000250003,7.8417704765
3397.9999129947,8.0426023302
3398.9998009891,7.85929468
3400.0001329835,7.6266460377
3401.0000209779,7.7786370296
3401.9999089723,7.9633919924
3402.9997969667,7.9741201301
3404.0001289611,8.0105376648
3405.0000169555,7.9443655355
3405.9999049499,7.8906241643
3406.9997929443,7.7462554573
3408.0001249387,7.6757588865
3409.0000129332,7.6872722348
3409.9999009276,7.7448564375
3410.999788922,7.700934123
3412.0001209164,7.7040525408
3413.0000089108,7.491035372
3413.9998969052,7.2807352678
3414.9997848996,7.2664056504
3416.000116894,7.3693547286
3417.0000048884,7.1722911852
3417.9998928828,7.1189302777
